0,1.82677808186955,2.37098447685376,2.15940957507778,5.33727261764805,5.10674413755816,5.69851974848146,4.41785304373053,5.63375777446218,5.10346662334415,4.22179934258091,6.43992000889825,4.80064950654889,2.33531919507207,3.76398768241711,4.77286632920323,4.83368774738431,5.01855986445423,5.3166899934173,4.94606397649957,3.82547297463003,4.97715231279318,3.82177735533108,3.97171795474111,2.01206949418625,5.23916166069894,3.55446034494131,3.15212532452322,2.88659578956317,4.45784485657948,4.00110480817622,3.33787903392146,4.3602176079879,3.09755041987945,5.28825726476347,4.39857227328914,2.15368541051783,3.83564274958189,1.85723612873314,4.98599450296144,3.60819305312819,1.58365247630289,1.77516215435012,2.71399130583197,2.51977185468475,4.5786701231937,1.51160311519219,2.01115020617842,2.38937568567393,4.24471464236556,1.53558899995475,4.39944663132895,3.70505483300486,6.08515914671406
1.82677808186955,0,1.42198278668792,1.08067247918194,4.45064348692162,4.61492850599841,4.73035728466621,3.41585199260399,5.25910512392637,4.67106806762036,3.68839962699113,6.06083810776675,4.30960707320125,2.64937505264366,3.42171510707645,3.9718087997344,4.71291557841167,4.03148261559463,4.97672977465643,4.46594643778377,3.31663311294907,4.80848422979946,2.94454944765977,3.31846152780336,1.36664958967685,4.6293016616562,3.08117070654005,2.57126300574831,2.09411977476498,3.93413009193859,3.18762694011948,2.66135771331814,3.75241958778164,2.62907017940933,4.66787107675229,3.82437784063598,1.50551425282978,3.27161004237236,1.31332528112975,4.0388581466845,2.75474873708035,1.39828486994851,1.43769319517697,2.01441072283659,2.08675852232227,3.73035609200348,1.52955054044735,2.13738954090416,2.25285956215224,3.93018303499608,1.86105886837871,4.00596904732974,2.91542999370248,5.46540575208289
2.37098447685376,1.42198278668792,0,0.925510483375256,4.20480580883388,4.50130230719109,4.69538210347688,3.42710471536438,5.57614469025979,4.98021557590495,3.56654068226144,6.01227272539906,4.15050562105785,3.08050849774854,3.27938304799323,4.57427919960611,5.03910819410294,4.14897639014925,4.89423117862804,4.26421061284052,3.21357645474667,5.02737092909382,3.21367937301158,3.38729191019433,1.6306588620222,4.67612741721023,3.10820057052035,2.55829109846775,2.04035083873979,3.67806631803476,3.11973016300769,2.49096843347713,3.54555285489177,2.65153147810773,4.57176960318604,3.59019062313262,1.60396228714302,3.24763037151399,1.7199538097574,4.06932234146333,2.72667644242871,1.98498176004056,2.08303736772871,2.409487616046,2.49160281078036,4.42504450780015,2.17333083761704,2.80710075560493,2.81952182181739,3.77653153935085,2.40836269634213,3.88766656222384,2.87300201553285,5.46400764207003
2.15940957507778,1.08067247918194,0.925510483375256,0,4.52010094195199,4.49376217943474,4.70627138297597,3.49752153907371,5.38436507078973,5.07968189618386,3.50767831840071,5.90107176282715,4.10086195123146,2.92249326056603,3.191475698196,4.21195098672148,4.97416587835857,4.25199517126834,4.84125227460894,4.27276394186907,3.19128587884732,4.78232502713073,3.02426913264961,3.55984342498879,1.39255485707295,4.56692872158514,2.96926145427454,2.41946405815429,2.1696601133175,3.88204137484263,3.17487590321759,2.66629323111139,3.52181365566392,2.79041780923202,4.53769337822085,3.56749817336207,1.80545115186992,3.14274450410436,1.6980388703784,4.03709219789257,2.73211484793663,1.79962276228825,2.0207281470042,2.08174608196523,2.19210763723777,4.06996668780606,1.85448358994969,2.52869401844643,2.54377667777243,3.6925325971977,2.14808013913319,3.76467693047096,2.92646848992772,5.76200669084472
5.33727261764805,4.45064348692162,4.20480580883388,4.52010094195199,0,1.65972274451646,2.77358811234887,3.24905287341413,3.00175085214935,3.98269602311117,4.91528494810021,3.04454786328479,4.59518314187375,4.57090604948728,4.90642432081499,2.37689971688574,2.44590964692974,2.01338039485134,3.30111497389854,4.20962766156764,4.09340652873855,3.25772059022799,3.42119834302129,3.43706314611257,4.40200074007473,3.51173847104498,3.84084302306508,4.35574781905354,4.8360155673451,3.91920603814094,5.85624666027429,4.20560360430857,6.23876100035704,5.54652174561982,5.26707039371312,6.5064907341919,4.44776150698881,4.17691690599467,4.60178627013885,3.37994954317147,3.96294506420839,4.98756687137958,4.98433052930083,5.25055523648269,5.46345214724493,2.45988098951583,5.11208022912722,4.35488774134,4.55582652684445,3.21316248883398,5.30226439007105,4.13444053808101,3.65546185625268,3.48278586416398
5.10674413755816,4.61492850599841,4.50130230719109,4.49376217943474,1.65972274451646,0,2.95401089286979,3.35682625643119,3.05565252870384,3.94374900188324,4.53289494889328,2.76673404806565,4.21549892429849,4.38981510919643,4.49841466647329,2.23090422212083,2.23147509374046,1.98754664809885,2.9104519892395,3.86345110221229,3.78450264068072,2.937145567989,3.06956984611022,3.69794877372185,4.16281847756481,3.36708801252282,3.71657828879396,4.04237124366899,4.9508844941951,3.76318620454503,5.60094442339498,4.1360486431358,5.88675902947114,5.6156147585124,4.8569635603593,6.14200075897208,4.40382662675201,3.95164245813806,4.37635597167669,3.04052362492471,3.71655600756744,5.04152874500439,5.02492220418623,4.98370864888824,5.17638080520835,2.4239750884246,4.78642135736846,4.20896560491397,4.46035408294938,2.74028615275065,5.06269149297955,3.64555660132007,3.57688546496883,4.02163924676995
5.69851974848146,4.73035728466621,4.69538210347688,4.70627138297597,2.77358811234887,2.95401089286979,0,2.23377354644612,3.46829213394697,3.92682806334014,3.85941437036156,3.08994282549727,3.57085246560489,4.91006500982645,3.94142629671109,2.65101786111993,3.64105053899926,2.85228688195784,2.89424480478227,3.19686861835427,3.40596059159347,3.39098561976766,3.20428404453743,3.49021376045042,4.81998084917598,2.57606519805721,3.12794583082167,4.10686916951884,4.25528065794536,3.24708301970698,4.48537715462589,3.6562502037968,4.97340571800248,4.9416249709564,4.0057520578846,5.23635564507804,4.74379184801231,3.1937041157286,4.87428663612915,2.59171911772926,3.36754575237746,5.33722262176539,5.31829726819515,5.00849472435398,5.2512946340997,3.13851875102673,5.22310706152652,4.53974687004275,4.56711996037572,2.68442992983345,5.74915409890757,3.68016987586624,3.10575104258694,3.32257408230489
4.41785304373053,3.41585199260399,3.42710471536438,3.49752153907371,3.24905287341413,3.35682625643119,2.23377354644612,0,4.23093433224024,4.00475612879846,2.58008339498745,3.68436562845788,2.58450136937288,3.66137673438368,2.7040078842562,2.99669045023491,4.26978066187123,2.75212650650498,2.88104381167942,2.37482829890296,2.13853555173374,3.59581823007384,2.22567867229637,2.5370203766707,3.48133685102453,2.38174196418605,1.9299940761857,2.7749326587887,2.73117614187055,2.36531643220208,3.4740179213533,2.27148702132703,3.72722149005897,3.42450996187342,2.80419015148831,4.01698048040173,3.57221493246071,2.13246931176553,3.66622724832492,2.04683667910308,2.14204769101092,3.93085517939924,3.9169076111459,3.35586142603036,3.97284533453553,3.34939336501139,3.91612009586514,3.20905756042678,3.2631424587037,1.98632015704125,4.45846912649632,2.51124466740422,1.73691263038988,3.49809512803448
5.63375777446218,5.25910512392637,5.57614469025979,5.38436507078973,3.00175085214935,3.05565252870384,3.46829213394697,4.23093433224024,0,4.38893380964788,5.48406146305317,3.19443808979315,5.02467318299016,4.72683558677645,5.45597887584131,2.67180373051607,2.69441944443806,3.33260003236331,3.90377497674649,4.8847911311497,4.74410723761243,3.27139537944391,4.19368493592171,4.137565018455,5.24718757889588,4.11327365454375,4.41880295297556,4.68490159558919,5.77571494776077,4.89382320117186,6.79700226128362,5.11062553411718,6.87552005784195,6.2647508652293,6.08449701800589,7.08587030267448,5.27426750362022,5.01948940320385,5.34368966301324,4.19778552483686,4.90465366461841,5.56078965285956,5.53390351207644,5.5514654033625,5.57106186523843,3.03719890812596,5.32408767525938,4.5283220064908,4.92191766860002,3.99058136046891,5.73661280299179,4.78965580081761,4.61943731464452,4.11727782829025
5.10346662334415,4.67106806762036,4.98021557590495,5.07968189618386,3.98269602311117,3.94374900188324,3.92682806334014,4.00475612879846,4.38893380964788,0,5.12615927567647,4.79272588717285,4.85232965487946,4.30467216207445,5.16249009911598,3.04042860640485,4.00867294789167,3.66043202926108,4.40463077888865,4.59064928800821,4.47549413355573,4.26867213642492,3.67289107098515,3.84595879481908,5.17602234483183,4.25813431269841,4.23616656620504,4.49238516936472,5.0291940563753,4.35335432232809,5.60774501535109,4.61835506659047,6.34775720629933,5.38047547323825,5.67245783926217,6.60274456549493,4.54478872314334,4.59193879388224,4.38645610194008,3.53718902910782,4.05875064371556,4.7653320019616,4.48219378470138,5.12170720643435,5.05410001610081,3.37584561033694,4.70805579770251,4.0213231276813,4.42000974714854,3.92304094611469,5.24758533255337,4.75271045178754,4.07796624855524,4.24284102947512
4.22179934258091,3.68839962699113,3.56654068226144,3.50767831840071,4.91528494810021,4.53289494889328,3.85941437036156,2.58008339498745,5.48406146305317,5.12615927567647,0,4.09127640636153,1.83669042075555,3.40919074870943,1.48543929649268,4.3641262871056,5.44280593846477,4.02444929665205,2.94025108529624,2.27922612917555,1.80631307897868,4.07669404721713,2.60453331487493,3.22746328692748,3.19726605251707,2.75274014456725,2.1758771964025,2.58105968016165,2.62198694311456,2.50473519549236,2.4946862017427,1.96385633209297,2.45475984310183,3.29633001322878,2.4370558626759,2.60031338798673,3.60836711563184,2.20576632419672,3.75368304396916,2.63158844116306,2.05574896490723,4.02781714823409,4.04993381227617,3.27714410426522,3.69480029674882,4.61060539638884,3.74796709035067,3.3292595788144,3.23933984073883,2.43651462646976,4.40597649944029,2.38047919324654,2.01624186698232,4.84405060587888
6.43992000889825,6.06083810776675,6.01227272539906,5.90107176282715,3.04454786328479,2.76673404806565,3.08994282549727,3.68436562845788,3.19443808979315,4.79272588717285,4.09127640636153,0,3.64951397682633,5.38497885541885,4.10811919386108,2.98821340131608,3.23227851883237,3.26895080713323,2.42619092590941,3.59438470490707,3.70340508259756,2.77525663173144,3.93215118251516,4.31529552315636,5.51786896327543,2.84768350226491,3.83997042632161,4.9102798364253,5.28391549426979,4.01061878905824,5.57341519217205,4.40907035020538,5.61464601765218,5.99748520957222,4.65040694149357,5.81103115290543,5.99273165553003,4.49540112063877,6.0464514651824,3.44173706950609,4.33980056427488,6.31773555851578,6.45777282558111,5.84514367001441,6.21002581510337,3.56131576207042,5.96527799724873,5.24524167849339,5.36637396822574,3.00387840968879,6.70715052481742,3.91796455419466,3.81223373206661,3.99916482911036
4.80064950654889,4.30960707320125,4.15050562105785,4.10086195123146,4.59518314187375,4.21549892429849,3.57085246560489,2.58450136937288,5.02467318299016,4.85232965487946,1.83669042075555,3.64951397682633,0,3.79714858767568,1.97357452845525,4.07899256308395,5.06268329783675,3.82095714168996,2.62907027187658,2.12217565396901,1.91632355819047,3.68013697131122,2.53517533834789,3.13067926334761,3.7634262641442,2.56739974337668,2.39006972520691,3.0385858111136,3.19184476561823,2.38408425378836,3.05274559048547,2.47913749014973,2.95942384425151,3.80141837961403,2.5843936901595,3.09288576968199,4.17974389028692,2.42986317173276,4.30479876715196,2.39603966848797,2.51136188914327,4.59430277812454,4.66200889407755,3.84572950281008,4.22456540336586,4.32425723400339,4.29638042389277,3.71188041898187,3.67718151991374,2.19079497429969,4.95889908357525,2.37284795234508,2.14771289055722,4.56893688160676
2.33531919507207,2.64937505264366,3.08050849774854,2.92249326056603,4.57090604948728,4.38981510919643,4.91006500982645,3.66137673438368,4.72683558677645,4.30467216207445,3.40919074870943,5.38497885541885,3.79714858767568,0,3.33310986189124,3.93953165462441,4.20446301773834,4.1975195631263,4.36469027761582,3.96107620061523,2.99516845718581,4.10681298941167,3.07286607554916,3.14591108011948,2.73705899879405,4.34736136691199,2.83899886855219,2.62727273071648,3.4568500775424,3.46757343689377,4.61910049607869,2.81419969595603,4.70982733930261,3.8215275674578,4.73126566910289,4.92822903541378,2.90385301243442,3.30531568601515,2.75318308372694,3.98838478554143,2.96191531775573,2.28709271467359,2.57885757317046,3.32439069043958,3.15612457316445,3.71740899890634,2.20276958872186,1.70097602176105,2.04265642112036,3.56763263741288,2.53129129728615,3.6565152744867,3.00909097506364,5.30651512497434
3.76398768241711,3.42171510707645,3.27938304799323,3.191475698196,4.90642432081499,4.49841466647329,3.94142629671109,2.7040078842562,5.45597887584131,5.16249009911598,1.48543929649268,4.10811919386108,1.97357452845525,3.33310986189124,0,4.39018790677282,5.35714507208529,4.11014647038257,3.02961705414363,2.40115187766226,1.81589687715166,4.045853386012,2.56698579621782,3.27784815161689,2.87923015126826,2.94846336959849,2.13647103646576,2.4401823783557,2.46153623356479,2.59047531920916,2.39215754158263,1.80180383956622,2.38525565527219,3.11202319095204,2.5149288342704,2.56239466412219,3.30437835962579,2.18755176426091,3.38827056115343,2.80428299668039,1.99782995669775,3.67694112028255,3.78242749923766,3.0714768062977,3.44064949377784,4.6705497282087,3.3886402163485,3.14812169863639,3.05391971798175,2.43960216343175,4.02600912225031,2.34831624993033,1.99953317676008,5.0410356020275
4.77286632920323,3.9718087997344,4.57427919960611,4.21195098672148,2.37689971688574,2.23090422212083,2.65101786111993,2.99669045023491,2.67180373051607,3.04042860640485,4.3641262871056,2.98821340131608,4.07899256308395,3.93953165462441,4.39018790677282,0,2.39355825004825,1.98732688311549,3.01683563825216,3.78394530761789,3.52631652168165,2.68796344044794,2.61061327907646,3.00858491959692,4.27875545157281,2.96053720799328,3.39753922032214,3.59273180438885,4.31363004115507,3.65190005013666,5.31089266847438,3.85469167938783,5.78067218140818,5.06499148878342,4.83452583464321,6.05818405638958,4.18093749803912,3.70119468288085,3.94834892959233,2.4834524471356,3.33026904426474,4.42533023439565,4.0745560890146,4.11931942957307,4.38908736382389,1.60651019876962,4.29829766894303,3.47213249146449,3.80178198833927,2.72700122843106,4.89495436095969,3.69503474352851,3.08253299951614,2.9193013873526
4.83368774738431,4.71291557841167,5.03910819410294,4.97416587835857,2.44590964692974,2.23147509374046,3.64105053899926,4.26978066187123,2.69441944443806,4.00867294789167,5.44280593846477,3.23227851883237,5.06268329783675,4.20446301773834,5.35714507208529,2.39355825004825,0,2.67848672669534,3.64339920245767,4.65971524708332,4.522955828888,3.02367374993833,3.78613082840637,3.76184793221712,4.78672240622908,4.15252939120273,4.37912656537217,4.59622493890787,5.53212431139507,4.45038011881967,6.68701079260457,4.78734725534119,6.83721295270455,5.75965387589743,5.98401371258958,7.09609468112993,4.67027985584604,4.64500549093546,4.40259554317099,4.09080423011733,4.69012168315002,4.99685751845745,4.91833389722042,5.40281327233722,5.28519454068172,2.65758323889432,4.78954967043035,3.98312904271647,4.52154481354872,3.62017402475837,4.91853110674841,4.56205422898504,4.35643334640844,3.87979562048027
5.01855986445423,4.03148261559463,4.14897639014925,4.25199517126834,2.01338039485134,1.98754664809885,2.85228688195784,2.75212650650498,3.33260003236331,3.66043202926108,4.02444929665205,3.26895080713323,3.82095714168996,4.1975195631263,4.11014647038257,1.98732688311549,2.67848672669534,0,2.8049063957395,3.43013954346619,3.19432960661496,2.9621026348447,2.63168335642722,3.05738842183856,3.96873172813253,3.07696487318983,3.39052063994151,3.64418980130588,3.87933205368763,3.22668237032715,4.8824084021431,3.30339050320052,5.27679885383499,4.71154194966765,4.39483041900253,5.58504696324959,3.91688615079269,3.56056894233316,4.08593427579202,2.29512404188502,2.96804532601802,4.58285467557932,4.29140653074491,4.22523399833642,4.70307945304816,2.2569716035431,4.56375227432462,3.79171455833451,3.90174666904333,2.63063983582752,5.04789297030645,3.35425186212834,2.76950233959004,3.31851549655333
5.3166899934173,4.97672977465643,4.89423117862804,4.84125227460894,3.30111497389854,2.9104519892395,2.89424480478227,2.88104381167942,3.90377497674649,4.40463077888865,2.94025108529624,2.42619092590941,2.62907027187658,4.36469027761582,3.02961705414363,3.01683563825216,3.64339920245767,2.8049063957395,0,2.46197237418553,2.62863900747402,2.68002721524471,3.05664534013427,3.4174854948147,4.50773758823071,2.39779938698737,2.91769667799666,3.85073310475834,4.08338102935952,2.80065905308092,4.31074762044459,3.24870223062535,4.31589196213935,4.73389280232036,3.55338828415563,4.51087490508807,4.83009150328654,3.36132604027197,4.96009138446892,2.52984947060851,3.32353872969478,5.25138636505384,5.36464205083906,4.80217801253085,5.09645127726078,3.44619056685078,4.89315345744724,4.25895310694494,4.379684890677,2.19915266633779,5.65730140467082,3.03345028741082,2.78281886244182,3.69876162232516
4.94606397649957,4.46594643778377,4.26421061284052,4.27276394186907,4.20962766156764,3.86345110221229,3.19686861835427,2.37482829890296,4.8847911311497,4.59064928800821,2.27922612917555,3.59438470490707,2.12217565396901,3.96107620061523,2.40115187766226,3.78394530761789,4.65971524708332,3.43013954346619,2.46197237418553,0,2.15426655220219,3.58077402065562,2.70995915667776,3.15871461034412,3.92019102629585,2.51587381269178,2.53468666108013,3.2943853813224,3.2009093760241,1.71383343807562,3.14905434738453,2.68442614470435,2.99038706470179,4.0345420270362,2.39039762914244,3.24313106659766,4.2211619998044,2.42434599997009,4.3856538461,2.29746902626138,2.66501577268906,4.73658062874767,4.84546144842391,4.15159040002275,4.53337875969286,4.13320708803057,4.48842045316413,3.89358492587095,3.96874866111165,2.12033047869407,5.17522374148892,2.71080707222058,2.17876918861861,3.72803478128998
3.82547297463003,3.31663311294907,3.21357645474667,3.19128587884732,4.09340652873855,3.78450264068072,3.40596059159347,2.13853555173374,4.74410723761243,4.47549413355573,1.80631307897868,3.70340508259756,1.91632355819047,2.99516845718581,1.81589687715166,3.52631652168165,4.522955828888,3.19432960661496,2.62863900747402,2.15426655220219,0,3.41100905298932,2.02032845428648,2.40553878372521,2.86325193243475,2.61633970515534,1.78846848295291,2.1603395869229,2.48382699751335,2.04732923015624,2.96825379807851,1.63599620912539,2.89465771896893,3.05821915854005,2.81424933161045,3.23809516206768,3.18204826633371,2.01944775037489,3.2976731932895,2.23954967013033,1.67270501226988,3.64301515341329,3.69239109467064,3.05450902625124,3.37899446272992,3.85652769012922,3.31829297526282,2.78333974382869,2.78823247070273,1.90358161806219,4.05616530364625,2.0098539753764,1.45357801180121,4.39978644892116
4.97715231279318,4.80848422979946,5.02737092909382,4.78232502713073,3.25772059022799,2.937145567989,3.39098561976766,3.59581823007384,3.27139537944391,4.26867213642492,4.07669404721713,2.77525663173144,3.68013697131122,4.10681298941167,4.045853386012,2.68796344044794,3.02367374993833,2.9621026348447,2.68002721524471,3.58077402065562,3.41100905298932,0,3.34867074237279,3.58229462299537,4.57081172915948,3.1715146709217,3.41875199978419,3.8192002231795,4.78278919176002,3.78493829110052,5.48726157129577,3.9856806875789,5.43850564818702,5.34256368825971,4.88066572476595,5.74723357849032,4.96639407963446,4.14219009050993,4.91191698465925,3.28874387066627,3.98412471743581,5.03124704258862,5.12267547573172,4.90006989658707,4.93355858110116,2.95261756498052,4.57837076643841,3.94432566184152,4.03498494055087,2.83676651431953,5.30018397564999,3.75918331125967,3.50929751159838,4.08725117365646
3.82177735533108,2.94454944765977,3.21367937301158,3.02426913264961,3.42119834302129,3.06956984611022,3.20428404453743,2.22567867229637,4.19368493592171,3.67289107098515,2.60453331487493,3.93215118251516,2.53517533834789,3.07286607554916,2.56698579621782,2.61061327907646,3.78613082840637,2.63168335642722,3.05664534013427,2.70995915667776,2.02032845428648,3.34867074237279,0,2.16669956540745,2.8200040065033,2.74602289087289,2.02898801091343,2.26871135322381,2.92208525749593,2.43188762381274,3.43999137168899,2.27129408998463,3.8974659628507,3.61502761320576,3.1996246929422,4.13121946933833,2.97917601679043,2.05550946506613,2.8758796373942,1.85851297657066,1.74135674497611,3.44746548232253,3.39736112261305,2.84740471463649,3.18685568513459,2.79495342544119,3.25065295311538,2.60890283751694,2.8268046880565,1.80417259348423,3.77528444775515,1.99258588133365,1.64803852768008,4.01217554114471
3.97171795474111,3.31846152780336,3.38729191019433,3.55984342498879,3.43706314611257,3.69794877372185,3.49021376045042,2.5370203766707,4.137565018455,3.84595879481908,3.22746328692748,4.31529552315636,3.13067926334761,3.14591108011948,3.27784815161689,3.00858491959692,3.76184793221712,3.05738842183856,3.4174854948147,3.15871461034412,2.40553878372521,3.58229462299537,2.16669956540745,0,3.54081056202941,3.08218958588941,2.55601722948881,2.52506025697585,2.76524213877776,2.59906772253235,4.1707208761628,2.52588956394327,4.13560697304006,3.06047756476866,3.81969063501172,4.44869183933018,3.21098008950638,2.65071639420599,3.00427913980283,2.60758808278647,2.44096078923573,3.52487763197452,3.477307771612,3.4548374084982,3.34445344124366,3.24087561876204,3.42202808334261,2.75968737056648,2.88989942212461,2.44507651764414,3.93673634584413,2.84071496734568,2.24715641611515,3.55419499427128
2.01206949418625,1.36664958967685,1.6306588620222,1.39255485707295,4.40200074007473,4.16281847756481,4.81998084917598,3.48133685102453,5.24718757889588,5.17602234483183,3.19726605251707,5.51786896327543,3.7634262641442,2.73705899879405,2.87923015126826,4.27875545157281,4.78672240622908,3.96873172813253,4.50773758823071,3.92019102629585,2.86325193243475,4.57081172915948,2.8200040065033,3.54081056202941,0,4.23617980816314,2.76135983634482,2.34428397666116,2.06079247028555,3.62348368973458,2.81869944688703,2.35912092580432,3.27280833645318,2.83089751346109,4.0703485077588,3.30776936886619,1.69370972383851,3.0732327995178,1.68611766413202,3.8621617322274,2.44301830711872,1.85223825299669,2.01310932534877,2.05642237269626,2.21070005488522,4.1457061987095,1.71443920997251,2.47053119913759,2.5508369944601,3.307112175441,1.87239000431455,3.11733536513825,2.70244511375292,5.79483306797307
5.23916166069894,4.6293016616562,4.67612741721023,4.56692872158514,3.51173847104498,3.36708801252282,2.57606519805721,2.38174196418605,4.11327365454375,4.25813431269841,2.75274014456725,2.84768350226491,2.56739974337668,4.34736136691199,2.94846336959849,2.96053720799328,4.15252939120273,3.07696487318983,2.39779938698737,2.51587381269178,2.61633970515534,3.1715146709217,2.74602289087289,3.08218958588941,4.23617980816314,0,2.73885415788803,3.66399670009772,3.61709064702751,2.86546601288184,3.93511423151081,3.22492281924816,4.05394334672032,4.33334024752447,2.95904552300781,4.0359049067816,4.61911109808398,3.11062291102721,4.74895509517491,2.25160143893239,2.90376780499726,4.82505377007821,5.01359142677519,4.46896830374122,4.63734068351374,3.34673583784408,4.67883719712122,4.10696827189477,4.01399631005988,2.0949464875966,5.37069405913697,2.80957576629447,2.54445308917747,3.76682079734681
3.55446034494131,3.08117070654005,3.10820057052035,2.96926145427454,3.84084302306508,3.71657828879396,3.12794583082167,1.9299940761857,4.41880295297556,4.23616656620504,2.1758771964025,3.83997042632161,2.39006972520691,2.83899886855219,2.13647103646576,3.39753922032214,4.37912656537217,3.39052063994151,2.91769667799666,2.53468666108013,1.78846848295291,3.41875199978419,2.02898801091343,2.55601722948881,2.76135983634482,2.73885415788803,0,2.28022303957978,2.72386502370003,2.37106438224636,3.3664382942065,2.05281793049089,3.52774740711769,3.3140541832768,2.98920141956106,3.72921907169805,3.26442238822528,2.10190341593902,3.20994534068816,2.48012532321089,1.95750490259882,3.36583994737244,3.5815719257696,3.16217643557602,3.4244591717605,3.74438584622205,3.11072168141632,2.57419794438188,2.75155227936147,1.93245596318889,3.74214595194012,2.20345261422829,1.79326274691128,4.32473494436087
3.15212532452322,2.57126300574831,2.55829109846775,2.41946405815429,4.35574781905354,4.04237124366899,4.10686916951884,2.7749326587887,4.68490159558919,4.49238516936472,2.58105968016165,4.9102798364253,3.0385858111136,2.62727273071648,2.4401823783557,3.59273180438885,4.59622493890787,3.64418980130588,3.85073310475834,3.2943853813224,2.1603395869229,3.8192002231795,2.26871135322381,2.52506025697585,2.34428397666116,3.66399670009772,2.28022303957978,0,2.3254167422187,3.03197239608579,3.39807893706296,2.07456428910129,2.7091258491004,2.82051894749611,3.65307416991438,3.6198666200409,2.5158213273293,2.45967648735267,2.53348456629573,2.95577525928713,1.98499043192788,2.85726698584756,2.88737895320437,2.32039944381982,2.39570979939861,3.78296107354327,2.58986169484702,2.25757731789164,2.43839807326111,2.72600182238764,3.19237314771931,2.69689103480036,2.17555646797067,5.02764772136091
2.88659578956317,2.09411977476498,2.04035083873979,2.1696601133175,4.8360155673451,4.9508844941951,4.25528065794536,2.73117614187055,5.77571494776077,5.0291940563753,2.62198694311456,5.28391549426979,3.19184476561823,3.4568500775424,2.46153623356479,4.31363004115507,5.53212431139507,3.87933205368763,4.08338102935952,3.2009093760241,2.48382699751335,4.78278919176002,2.92208525749593,2.76524213877776,2.06079247028555,3.61709064702751,2.72386502370003,2.3254167422187,0,2.7313861887562,1.90401585045397,1.75195432176384,2.35333484755142,1.61676005800013,3.23090198770212,2.29805758969602,1.98252056547277,2.28619832131636,2.07217185779413,3.12018144366153,1.97642262944585,2.33737816173172,2.31541643325951,1.94056204892519,2.18869016659694,4.51708851924613,2.3543138361611,3.02871904951279,2.82575515703626,3.19015955449365,2.99014652340947,3.25391320611811,2.09774585909958,4.51790943431815
4.45784485657948,3.93413009193859,3.67806631803476,3.88204137484263,3.91920603814094,3.76318620454503,3.24708301970698,2.36531643220208,4.89382320117186,4.35335432232809,2.50473519549236,4.01061878905824,2.38408425378836,3.46757343689377,2.59047531920916,3.65190005013666,4.45038011881967,3.22668237032715,2.80065905308092,1.71383343807562,2.04732923015624,3.78493829110052,2.43188762381274,2.59906772253235,3.62348368973458,2.86546601288184,2.37106438224636,3.03197239608579,2.7313861887562,0,3.06341220988394,2.18112941630744,3.24201250610425,3.53464267726963,2.72000399888722,3.60516533214786,3.53716210225643,1.96260150314223,3.72756192949681,2.39433213659394,2.34633140414418,4.21016394668391,4.27815448056569,3.91290969276775,4.16873376675228,3.92586813884928,4.02487111302082,3.35262133434627,3.49650353104921,2.25527537552298,4.6558012879493,2.75883957245783,1.9570670262352,3.54275393436205
4.00110480817622,3.18762694011948,3.11973016300769,3.17487590321759,5.85624666027429,5.60094442339498,4.48537715462589,3.4740179213533,6.79700226128362,5.60774501535109,2.4946862017427,5.57341519217205,3.05274559048547,4.61910049607869,2.39215754158263,5.31089266847438,6.68701079260457,4.8824084021431,4.31074762044459,3.14905434738453,2.96825379807851,5.48726157129577,3.43999137168899,4.1707208761628,2.81869944688703,3.93511423151081,3.3664382942065,3.39807893706296,1.90401585045397,3.06341220988394,0,2.48746497917462,1.59514561143668,2.6483042832721,2.26960255375157,1.70230233562464,2.87869500294106,2.46831695603206,3.16973418332686,3.4342214371562,2.31892866642121,3.71165052059538,3.4076985752113,3.00782002310006,3.43928303834106,5.55461266661432,3.49696441644798,4.21793986228142,4.05528300399301,3.69793416620401,4.07408107091265,3.45003496245815,2.83306752776118,5.48227250627051
3.33787903392146,2.66135771331814,2.49096843347713,2.66629323111139,4.20560360430857,4.1360486431358,3.6562502037968,2.27148702132703,5.11062553411718,4.61835506659047,1.96385633209297,4.40907035020538,2.47913749014973,2.81419969595603,1.80180383956622,3.85469167938783,4.78734725534119,3.30339050320052,3.24870223062535,2.68442614470435,1.63599620912539,3.9856806875789,2.27129408998463,2.52588956394327,2.35912092580432,3.22492281924816,2.05281793049089,2.07456428910129,1.75195432176384,2.18112941630744,2.48746497917462,0,2.79936809082148,2.44988063480365,3.0752414574568,3.0441141271543,2.42326906671569,1.93814384671353,2.53073694235921,2.67150828463334,1.46710288783746,3.08757345837318,3.03012504556229,2.54333786436265,2.90096163884601,4.19153888108662,2.82123047690616,2.56904193450002,2.61924558808714,2.47612345969843,3.4958726289472,2.55819099045646,1.55623424017004,4.48072814817709
4.3602176079879,3.75241958778164,3.54555285489177,3.52181365566392,6.23876100035704,5.88675902947114,4.97340571800248,3.72722149005897,6.87552005784195,6.34775720629933,2.45475984310183,5.61464601765218,2.95942384425151,4.70982733930261,2.38525565527219,5.78067218140818,6.83721295270455,5.27679885383499,4.31589196213935,2.99038706470179,2.89465771896893,5.43850564818702,3.8974659628507,4.13560697304006,3.27280833645318,4.05394334672032,3.52774740711769,2.7091258491004,2.35333484755142,3.24201250610425,1.59514561143668,2.79936809082148,0,2.62425646634541,2.36607898295771,1.63636960272293,3.5960914312455,2.80500857496592,3.78191001785155,3.8481177478952,3.01082521201632,4.13706110149509,4.13289135947139,3.28764661099882,3.6732450307633,6.01607832835583,3.83110891414896,4.42023957712575,4.22051390755863,3.80630351234944,4.47859364710369,3.6062378654695,3.1554621504739,5.73830446756737
3.09755041987945,2.62907017940933,2.65153147810773,2.79041780923202,5.54652174561982,5.6156147585124,4.9416249709564,3.42450996187342,6.2647508652293,5.38047547323825,3.29633001322878,5.99748520957222,3.80141837961403,3.8215275674578,3.11202319095204,5.06499148878342,5.75965387589743,4.71154194966765,4.73389280232036,4.0345420270362,3.05821915854005,5.34256368825971,3.61502761320576,3.06047756476866,2.83089751346109,4.33334024752447,3.3140541832768,2.82051894749611,1.61676005800013,3.53464267726963,2.6483042832721,2.44988063480365,2.62425646634541,0,3.86676045603298,2.87878493911373,2.46508870816209,2.81254792802457,2.35712111323969,4.13513654210664,2.85991683232473,2.77917771675626,2.81465953976592,2.70020658815073,2.6340448664346,5.38594933093924,2.63840461020828,3.24810678021389,3.18787116075399,3.96541224270967,3.21873027208177,4.00107554444965,2.96670764431825,5.28935404345575
5.28825726476347,4.66787107675229,4.57176960318604,4.53769337822085,5.26707039371312,4.8569635603593,4.0057520578846,2.80419015148831,6.08449701800589,5.67245783926217,2.4370558626759,4.65040694149357,2.5843936901595,4.73126566910289,2.5149288342704,4.83452583464321,5.98401371258958,4.39483041900253,3.55338828415563,2.39039762914244,2.81424933161045,4.88066572476595,3.1996246929422,3.81969063501172,4.0703485077588,2.95904552300781,2.98920141956106,3.65307416991438,3.23090198770212,2.72000399888722,2.26960255375157,3.0752414574568,2.36607898295771,3.86676045603298,0,2.32207404910605,4.49957974042267,2.4370407184132,4.63304679661039,3.09364186441804,2.78615561604478,4.86836857713009,5.03488588072148,4.33083536902407,4.57125793086648,5.10981714542576,4.64864688047405,4.29900865370027,4.29362244379934,2.96846393978531,5.28164214644422,2.86439999322305,2.76613421293678,4.96634105117146
4.39857227328914,3.82437784063598,3.59019062313262,3.56749817336207,6.5064907341919,6.14200075897208,5.23635564507804,4.01698048040173,7.08587030267448,6.60274456549493,2.60031338798673,5.81103115290543,3.09288576968199,4.92822903541378,2.56239466412219,6.05818405638958,7.09609468112993,5.58504696324959,4.51087490508807,3.24313106659766,3.23809516206768,5.74723357849032,4.13121946933833,4.44869183933018,3.30776936886619,4.0359049067816,3.72921907169805,3.6198666200409,2.29805758969602,3.60516533214786,1.70230233562464,3.0441141271543,1.63636960272293,2.87878493911373,2.32207404910605,0,3.67387127485557,3.13865214897541,3.8539927561143,4.06389929882551,3.18312811677765,3.97773969033496,4.2036827285401,3.31958107910615,2.64634125299434,6.24853676504577,3.80752825101822,4.66854663043534,4.35844165470173,4.01704319935501,4.51905315426368,3.797827164792,3.43230700951064,6.03583147041215
2.15368541051783,1.50551425282978,1.60396228714302,1.80545115186992,4.44776150698881,4.40382662675201,4.74379184801231,3.57221493246071,5.27426750362022,4.54478872314334,3.60836711563184,5.99273165553003,4.17974389028692,2.90385301243442,3.30437835962579,4.18093749803912,4.67027985584604,3.91688615079269,4.83009150328654,4.2211619998044,3.18204826633371,4.96639407963446,2.97917601679043,3.21098008950638,1.69370972383851,4.61911109808398,3.26442238822528,2.5158213273293,1.98252056547277,3.53716210225643,2.87869500294106,2.42326906671569,3.5960914312455,2.46508870816209,4.49957974042267,3.67387127485557,0,3.06337839814294,1.1770379342719,3.79832020759246,2.40385157421885,1.9085236368704,1.67961573487937,2.24993719325537,2.26491585465515,4.22932242565938,1.94794317608847,2.47434790215493,2.68397868061689,3.83086521461368,2.31246650264788,3.89910464670266,2.9290331459094,5.44625089268214
3.83564274958189,3.27161004237236,3.24763037151399,3.14274450410436,4.17691690599467,3.95164245813806,3.1937041157286,2.13246931176553,5.01948940320385,4.59193879388224,2.20576632419672,4.49540112063877,2.42986317173276,3.30531568601515,2.18755176426091,3.70119468288085,4.64500549093546,3.56056894233316,3.36132604027197,2.42434599997009,2.01944775037489,4.14219009050993,2.05550946506613,2.65071639420599,3.0732327995178,3.11062291102721,2.10190341593902,2.45967648735267,2.28619832131636,1.96260150314223,2.46831695603206,1.93814384671353,2.80500857496592,2.81254792802457,2.4370407184132,3.13865214897541,3.06337839814294,0,2.96747298660414,2.66918111014758,1.8196418775547,3.69776582393791,3.73338682817467,3.12701049911909,3.4626051897234,4.03861326186807,3.36293600207625,2.87630228673678,3.07266863005102,2.18646805023867,3.80287993563084,2.44082885401052,1.63639434760769,4.08280004590711
1.85723612873314,1.31332528112975,1.7199538097574,1.6980388703784,4.60178627013885,4.37635597167669,4.87428663612915,3.66622724832492,5.34368966301324,4.38645610194008,3.75368304396916,6.0464514651824,4.30479876715196,2.75318308372694,3.38827056115343,3.94834892959233,4.40259554317099,4.08593427579202,4.96009138446892,4.3856538461,3.2976731932895,4.91191698465925,2.8758796373942,3.00427913980283,1.68611766413202,4.74895509517491,3.20994534068816,2.53348456629573,2.07217185779413,3.72756192949681,3.16973418332686,2.53073694235921,3.78191001785155,2.35712111323969,4.63304679661039,3.8539927561143,1.1770379342719,2.96747298660414,0,4.03971041062811,2.64416752648563,1.6505909688647,1.53551598774657,2.04814135094672,1.95495754770198,4.10258110749921,1.53775518800945,2.15199101937897,2.51819418569557,3.73796778127326,1.86185527195961,3.89201315008973,2.94746399291874,5.30942745221424
4.98599450296144,4.0388581466845,4.06932234146333,4.03709219789257,3.37994954317147,3.04052362492471,2.59171911772926,2.04683667910308,4.19778552483686,3.53718902910782,2.63158844116306,3.44173706950609,2.39603966848797,3.98838478554143,2.80428299668039,2.4834524471356,4.09080423011733,2.29512404188502,2.52984947060851,2.29746902626138,2.23954967013033,3.28874387066627,1.85851297657066,2.60758808278647,3.8621617322274,2.25160143893239,2.48012532321089,2.95577525928713,3.12018144366153,2.39433213659394,3.4342214371562,2.67150828463334,3.8481177478952,4.13513654210664,3.09364186441804,4.06389929882551,3.79832020759246,2.66918111014758,4.03971041062811,0,2.02280363998812,4.49035338530223,4.05107411223497,3.38613583527981,4.09078693571975,2.73431160531339,4.3979827263879,3.68113405545521,3.71872184782063,1.5698931256877,5.05190932010789,2.32554266692293,2.03040208826012,3.42973297883893
3.60819305312819,2.75474873708035,2.72667644242871,2.73211484793663,3.96294506420839,3.71655600756744,3.36754575237746,2.14204769101092,4.90465366461841,4.05875064371556,2.05574896490723,4.33980056427488,2.51136188914327,2.96191531775573,1.99782995669775,3.33026904426474,4.69012168315002,2.96804532601802,3.32353872969478,2.66501577268906,1.67270501226988,3.98412471743581,1.74135674497611,2.44096078923573,2.44301830711872,2.90376780499726,1.95750490259882,1.98499043192788,1.97642262944585,2.34633140414418,2.31892866642121,1.46710288783746,3.01082521201632,2.85991683232473,2.78615561604478,3.18312811677765,2.40385157421885,1.8196418775547,2.64416752648563,2.02280363998812,0,3.25252866558873,2.98863859942146,2.65965073701656,2.97114539630519,3.65439187752524,3.02966285412377,2.66474691181983,2.66840895844327,2.16735904672699,3.59695762032918,2.09211597309116,1.41022656212835,4.44387472123373
1.58365247630289,1.39828486994851,1.98498176004056,1.79962276228825,4.98756687137958,5.04152874500439,5.33722262176539,3.93085517939924,5.56078965285956,4.7653320019616,4.02781714823409,6.31773555851578,4.59430277812454,2.28709271467359,3.67694112028255,4.42533023439565,4.99685751845745,4.58285467557932,5.25138636505384,4.73658062874767,3.64301515341329,5.03124704258862,3.44746548232253,3.52487763197452,1.85223825299669,4.82505377007821,3.36583994737244,2.85726698584756,2.33737816173172,4.21016394668391,3.71165052059538,3.08757345837318,4.13706110149509,2.77917771675626,4.86836857713009,3.97773969033496,1.9085236368704,3.69776582393791,1.6505909688647,4.49035338530223,3.25252866558873,0,1.43893023618804,2.25565322128329,2.01033976643917,4.11948190681143,1.2749422315163,1.7949772188526,2.01290918252613,4.23703130940158,1.74562968011705,4.30740548654718,3.32552453148137,5.67775808776988
1.77516215435012,1.43769319517697,2.08303736772871,2.0207281470042,4.98433052930083,5.02492220418623,5.31829726819515,3.9169076111459,5.53390351207644,4.48219378470138,4.04993381227617,6.45777282558111,4.66200889407755,2.57885757317046,3.78242749923766,4.0745560890146,4.91833389722042,4.29140653074491,5.36464205083906,4.84546144842391,3.69239109467064,5.12267547573172,3.39736112261305,3.477307771612,2.01310932534877,5.01359142677519,3.5815719257696,2.88737895320437,2.31541643325951,4.27815448056569,3.4076985752113,3.03012504556229,4.13289135947139,2.81465953976592,5.03488588072148,4.2036827285401,1.67961573487937,3.73338682817467,1.53551598774657,4.05107411223497,2.98863859942146,1.43893023618804,0,2.03770649910958,2.24907698938143,3.97480941239035,1.64969296408897,2.06995335429302,2.37220815773348,4.39447408956558,1.84225716600913,4.33814717474477,3.31812110390065,5.31487003804211
2.71399130583197,2.01441072283659,2.409487616046,2.08174608196523,5.25055523648269,4.98370864888824,5.00849472435398,3.35586142603036,5.5514654033625,5.12170720643435,3.27714410426522,5.84514367001441,3.84572950281008,3.32439069043958,3.0714768062977,4.11931942957307,5.40281327233722,4.22523399833642,4.80217801253085,4.15159040002275,3.05450902625124,4.90006989658707,2.84740471463649,3.4548374084982,2.05642237269626,4.46896830374122,3.16217643557602,2.32039944381982,1.94056204892519,3.91290969276775,3.00782002310006,2.54333786436265,3.28764661099882,2.70020658815073,4.33083536902407,3.31958107910615,2.24993719325537,3.12701049911909,2.04814135094672,3.38613583527981,2.65965073701656,2.25565322128329,2.03770649910958,0,1.84234398859911,4.29593194878792,2.24055744663543,2.84313412462123,2.88822630262787,3.60763586605175,2.72703579500907,3.52573951651764,2.79254975891738,4.76082531119182
2.51977185468475,2.08675852232227,2.49160281078036,2.19210763723777,5.46345214724493,5.17638080520835,5.2512946340997,3.97284533453553,5.57106186523843,5.05410001610081,3.69480029674882,6.21002581510337,4.22456540336586,3.15612457316445,3.44064949377784,4.38908736382389,5.28519454068172,4.70307945304816,5.09645127726078,4.53337875969286,3.37899446272992,4.93355858110116,3.18685568513459,3.34445344124366,2.21070005488522,4.63734068351374,3.4244591717605,2.39570979939861,2.18869016659694,4.16873376675228,3.43928303834106,2.90096163884601,3.6732450307633,2.6340448664346,4.57125793086648,2.64634125299434,2.26491585465515,3.4626051897234,1.95495754770198,4.09078693571975,2.97114539630519,2.01033976643917,2.24907698938143,1.84234398859911,0,4.38328187297625,1.89935705401793,2.67378940119495,2.75876649221099,4.00451351769398,2.49901205375437,3.91815687583008,3.31837637849177,5.85223242246649
4.5786701231937,3.73035609200348,4.42504450780015,4.06996668780606,2.45988098951583,2.4239750884246,3.13851875102673,3.34939336501139,3.03719890812596,3.37584561033694,4.61060539638884,3.56131576207042,4.32425723400339,3.71740899890634,4.6705497282087,1.60651019876962,2.65758323889432,2.2569716035431,3.44619056685078,4.13320708803057,3.85652769012922,2.95261756498052,2.79495342544119,3.24087561876204,4.1457061987095,3.34673583784408,3.74438584622205,3.78296107354327,4.51708851924613,3.92586813884928,5.55461266661432,4.19153888108662,6.01607832835583,5.38594933093924,5.10981714542576,6.24853676504577,4.22932242565938,4.03861326186807,4.10258110749921,2.73431160531339,3.65439187752524,4.11948190681143,3.97480941239035,4.29593194878792,4.38328187297625,0,4.2408155908129,3.48886673249483,3.71215021136024,3.03484761007995,4.5935934842527,3.92385042803114,3.38579794745997,3.64109291519598
1.51160311519219,1.52955054044735,2.17333083761704,1.85448358994969,5.11208022912722,4.78642135736846,5.22310706152652,3.91612009586514,5.32408767525938,4.70805579770251,3.74796709035067,5.96527799724873,4.29638042389277,2.20276958872186,3.3886402163485,4.29829766894303,4.78954967043035,4.56375227432462,4.89315345744724,4.48842045316413,3.31829297526282,4.57837076643841,3.25065295311538,3.42202808334261,1.71443920997251,4.67883719712122,3.11072168141632,2.58986169484702,2.3543138361611,4.02487111302082,3.49696441644798,2.82123047690616,3.83110891414896,2.63840461020828,4.64864688047405,3.80752825101822,1.94794317608847,3.36293600207625,1.53775518800945,4.3979827263879,3.02966285412377,1.2749422315163,1.64969296408897,2.24055744663543,1.89935705401793,4.2408155908129,0,1.64721381220019,2.03672779410071,3.82350651975575,1.55497218283378,3.90669388664525,3.19549107820268,5.73917474766249
2.01115020617842,2.13738954090416,2.80710075560493,2.52869401844643,4.35488774134,4.20896560491397,4.53974687004275,3.20905756042678,4.5283220064908,4.0213231276813,3.3292595788144,5.24524167849339,3.71188041898187,1.70097602176105,3.14812169863639,3.47213249146449,3.98312904271647,3.79171455833451,4.25895310694494,3.89358492587095,2.78333974382869,3.94432566184152,2.60890283751694,2.75968737056648,2.47053119913759,4.10696827189477,2.57419794438188,2.25757731789164,3.02871904951279,3.35262133434627,4.21793986228142,2.56904193450002,4.42023957712575,3.24810678021389,4.29900865370027,4.66854663043534,2.47434790215493,2.87630228673678,2.15199101937897,3.68113405545521,2.66474691181983,1.7949772188526,2.06995335429302,2.84313412462123,2.67378940119495,3.48886673249483,1.64721381220019,0,1.6830492836338,3.27440131941998,2.33500943111632,3.41281422356457,2.56677186420695,4.89587534899083
2.38937568567393,2.25285956215224,2.81952182181739,2.54377667777243,4.55582652684445,4.46035408294938,4.56711996037572,3.2631424587037,4.92191766860002,4.42000974714854,3.23933984073883,5.36637396822574,3.67718151991374,2.04265642112036,3.05391971798175,3.80178198833927,4.52154481354872,3.90174666904333,4.379684890677,3.96874866111165,2.78823247070273,4.03498494055087,2.8268046880565,2.88989942212461,2.5508369944601,4.01399631005988,2.75155227936147,2.43839807326111,2.82575515703626,3.49650353104921,4.05528300399301,2.61924558808714,4.22051390755863,3.18787116075399,4.29362244379934,4.35844165470173,2.68397868061689,3.07266863005102,2.51819418569557,3.71872184782063,2.66840895844327,2.01290918252613,2.37220815773348,2.88822630262787,2.75876649221099,3.71215021136024,2.03672779410071,1.6830492836338,0,3.45689576474475,2.56004424905167,3.55634993885986,2.67494982382909,5.0926778484347
4.24471464236556,3.93018303499608,3.77653153935085,3.6925325971977,3.21316248883398,2.74028615275065,2.68442992983345,1.98632015704125,3.99058136046891,3.92304094611469,2.43651462646976,3.00387840968879,2.19079497429969,3.56763263741288,2.43960216343175,2.72700122843106,3.62017402475837,2.63063983582752,2.19915266633779,2.12033047869407,1.90358161806219,2.83676651431953,1.80417259348423,2.44507651764414,3.307112175441,2.0949464875966,1.93245596318889,2.72600182238764,3.19015955449365,2.25527537552298,3.69793416620401,2.47612345969843,3.80630351234944,3.96541224270967,2.96846393978531,4.01704319935501,3.83086521461368,2.18646805023867,3.73796778127326,1.5698931256877,2.16735904672699,4.23703130940158,4.39447408956558,3.60763586605175,4.00451351769398,3.03484761007995,3.82350651975575,3.27440131941998,3.45689576474475,0,4.38215148193114,1.82177458830382,1.75668036277939,3.67120837854724
1.53558899995475,1.86105886837871,2.40836269634213,2.14808013913319,5.30226439007105,5.06269149297955,5.74915409890757,4.45846912649632,5.73661280299179,5.24758533255337,4.40597649944029,6.70715052481742,4.95889908357525,2.53129129728615,4.02600912225031,4.89495436095969,4.91853110674841,5.04789297030645,5.65730140467082,5.17522374148892,4.05616530364625,5.30018397564999,3.77528444775515,3.93673634584413,1.87239000431455,5.37069405913697,3.74214595194012,3.19237314771931,2.99014652340947,4.6558012879493,4.07408107091265,3.4958726289472,4.47859364710369,3.21873027208177,5.28164214644422,4.51905315426368,2.31246650264788,3.80287993563084,1.86185527195961,5.05190932010789,3.59695762032918,1.74562968011705,1.84225716600913,2.72703579500907,2.49901205375437,4.5935934842527,1.55497218283378,2.33500943111632,2.56004424905167,4.38215148193114,0,3.87700268670587,3.85056712510522,6.19970330888419
4.39944663132895,4.00596904732974,3.88766656222384,3.76467693047096,4.13444053808101,3.64555660132007,3.68016987586624,2.51124466740422,4.78965580081761,4.75271045178754,2.38047919324654,3.91796455419466,2.37284795234508,3.6565152744867,2.34831624993033,3.69503474352851,4.56205422898504,3.35425186212834,3.03345028741082,2.71080707222058,2.0098539753764,3.75918331125967,1.99258588133365,2.84071496734568,3.11733536513825,2.80957576629447,2.20345261422829,2.69689103480036,3.25391320611811,2.75883957245783,3.45003496245815,2.55819099045646,3.6062378654695,4.00107554444965,2.86439999322305,3.797827164792,3.89910464670266,2.44082885401052,3.89201315008973,2.32554266692293,2.09211597309116,4.30740548654718,4.33814717474477,3.52573951651764,3.91815687583008,3.92385042803114,3.90669388664525,3.41281422356457,3.55634993885986,1.82177458830382,3.87700268670587,0,2.08287607215533,4.69552017898126
3.70505483300486,2.91542999370248,2.87300201553285,2.92646848992772,3.65546185625268,3.57688546496883,3.10575104258694,1.73691263038988,4.61943731464452,4.07796624855524,2.01624186698232,3.81223373206661,2.14771289055722,3.00909097506364,1.99953317676008,3.08253299951614,4.35643334640844,2.76950233959004,2.78281886244182,2.17876918861861,1.45357801180121,3.50929751159838,1.64803852768008,2.24715641611515,2.70244511375292,2.54445308917747,1.79326274691128,2.17555646797067,2.09774585909958,1.9570670262352,2.83306752776118,1.55623424017004,3.1554621504739,2.96670764431825,2.76613421293678,3.43230700951064,2.9290331459094,1.63639434760769,2.94746399291874,2.03040208826012,1.41022656212835,3.32552453148137,3.31812110390065,2.79254975891738,3.31837637849177,3.38579794745997,3.19549107820268,2.56677186420695,2.67494982382909,1.75668036277939,3.85056712510522,2.08287607215533,0,3.79825642234063
6.08515914671406,5.46540575208289,5.46400764207003,5.76200669084472,3.48278586416398,4.02163924676995,3.32257408230489,3.49809512803448,4.11727782829025,4.24284102947512,4.84405060587888,3.99916482911036,4.56893688160676,5.30651512497434,5.0410356020275,2.9193013873526,3.87979562048027,3.31851549655333,3.69876162232516,3.72803478128998,4.39978644892116,4.08725117365646,4.01217554114471,3.55419499427128,5.79483306797307,3.76682079734681,4.32473494436087,5.02764772136091,4.51790943431815,3.54275393436205,5.48227250627051,4.48072814817709,5.73830446756737,5.28935404345575,4.96634105117146,6.03583147041215,5.44625089268214,4.08280004590711,5.30942745221424,3.42973297883893,4.44387472123373,5.67775808776988,5.31487003804211,4.76082531119182,5.85223242246649,3.64109291519598,5.73917474766249,4.89587534899083,5.0926778484347,3.67120837854724,6.19970330888419,4.69552017898126,3.79825642234063,0
