,Epoch,TrainLoss,ValLoss,ValAcc
0,0,3.153066216186863,2.9073444468981697,0.32808154821395874
1,1,2.969066545629634,2.8371305987169833,0.35125115513801575
2,2,2.874431846979263,2.717806924814643,0.4392956495285034
3,3,2.8365714963218256,2.6793372407900833,0.48563486337661743
4,4,2.792963998421571,2.6620804129981464,0.4587581157684326
5,5,2.761403561964203,2.642134418080978,0.4939759075641632
6,6,2.749498142811631,2.6420332773401296,0.47358664870262146
7,7,2.7313701923076925,2.6066385433561168,0.508804440498352
8,8,2.706775343561747,2.5817140255734476,0.5273401141166687
9,9,2.695232628229263,2.5760992437297268,0.5495829582214355
10,10,2.686678655728684,2.571281143202618,0.5338276028633118
11,11,2.678661837856233,2.5425725588652686,0.553290069103241
12,12,2.6634981934951343,2.535318029932229,0.5634847283363342
13,13,2.659532435631951,2.541262933343953,0.5616311430931091
14,14,2.639593454949606,2.5333911517464087,0.5607043504714966
15,15,2.631509888713508,2.535734811240153,0.5588507652282715
16,16,2.6274135755763437,2.523086109461886,0.5708990097045898
17,17,2.6169444907031973,2.516028657900834,0.5644115209579468
18,18,2.6179545405178404,2.501017064049467,0.5959221720695496
19,19,2.6080420691178174,2.4880997849571362,0.6033364534378052
20,20,2.5973025968054912,2.478629436616659,0.6190917491912842
21,21,2.6066681841548887,2.4852771211046107,0.6144578456878662
22,22,2.5935873150052133,2.4800804781626504,0.606116771697998
23,23,2.5915106489660564,2.4755947618599397,0.6172381639480591
24,24,2.606492828284291,2.4761190193466174,0.6339203119277954
25,25,2.5843289775689295,2.462797629822173,0.6237256526947021
26,26,2.580970064150834,2.469300504300857,0.6320667266845703
27,27,2.5753912585437906,2.4694511972167517,0.6190917491912842
28,28,2.57444976721791,2.4521072571536147,0.6404078006744385
29,29,2.5667286785362604,2.458136105117586,0.6265060305595398
30,30,2.575043488255908,2.464441223427363,0.6404078006744385
31,31,2.567377608390292,2.4486553485576925,0.6431881189346313
32,32,2.549449902977294,2.4453729129257415,0.6376274228096008
33,33,2.5538199975382296,2.4362007826981,0.6524559855461121
34,34,2.554088574852294,2.4471278292255563,0.6561630964279175
35,35,2.558631762627433,2.4428518611706442,0.6385542154312134
36,36,2.549006422323911,2.4332543515407785,0.645968496799469
37,37,2.54806515726367,2.4348278027977295,0.6663577556610107
38,38,2.5400067065135543,2.4368293486445785,0.6552363634109497
39,39,2.5510731326749303,2.4239774603220576,0.6645041704177856
40,40,2.5383307569219182,2.4186819392956442,0.6691380739212036
41,41,2.536664989284059,2.422028181837929,0.6635773777961731
42,42,2.5339513854697637,2.4158242042689992,0.6821130514144897
43,43,2.540076396330514,2.4181805346385543,0.6682112812995911
44,44,2.5317491420006952,2.422627785782553,0.6728452444076538
45,45,2.532817794615964,2.415628031959569,0.6811862587928772
46,46,2.5265993360461074,2.4175377139567886,0.6654309630393982
47,47,2.5335886816496758,2.417376386555839,0.6858202219009399
48,48,2.51982765798772,2.4092928203197403,0.6784059405326843
49,49,2.525437235721733,2.4047876451720342,0.6802595257759094
50,50,2.5210381791589436,2.404714108839203,0.6811862587928772
51,51,2.517441686819393,2.404409329022822,0.6756255626678467
52,52,2.5118140078342215,2.402608254532553,0.6737720370292664
53,53,2.506492918790547,2.4063635853510195,0.6811862587928772
54,54,2.512370621307345,2.4091394122161724,0.6987951993942261
55,55,2.5062734411202503,2.4177019828110518,0.6746987700462341
56,56,2.5117642293935356,2.4007766341809544,0.6709916591644287
57,57,2.513509642536492,2.402030824620598,0.6468952894210815
58,58,2.508217062963392,2.399920671266798,0.6867470145225525
59,59,2.5048233046368167,2.4052390451227987,0.6811862587928772
60,60,2.50609899031221,2.3979485399530818,0.6867470145225525
61,61,2.5028183648053752,2.4081483687152456,0.6793327331542969
62,62,2.5156926534262047,2.3976046161810705,0.6858202219009399
63,63,2.5086646163982853,2.38872414236272,0.703429102897644
64,64,2.4912387681736563,2.388158251998378,0.6997219920158386
65,65,2.4985851609563254,2.395071346081441,0.6960148215293884
66,66,2.505326066887743,2.3930096135744905,0.6876737475395203
67,67,2.500667483636469,2.4003781803898288,0.6765523552894592
68,68,2.4999051946970576,2.380969340100788,0.6839666366577148
69,69,2.489912625260658,2.3798703678898288,0.7238183617591858
70,70,2.493785387946015,2.3802871491977524,0.7164040803909302
71,71,2.5101541231029887,2.3954849596704126,0.6811862587928772
72,72,2.4940741029019926,2.3861121318205516,0.7126969695091248
73,73,2.4904036216983316,2.38277335604437,0.703429102897644
74,74,2.4941802214869093,2.3802937109012974,0.708063006401062
75,75,2.487538872436863,2.37505226736272,0.7136237025260925
76,76,2.490600925335959,2.381065050466288,0.6941612362861633
77,77,2.488645311413925,2.376671650544486,0.7006487250328064
78,78,2.4888365058792865,2.3736788349310705,0.7108433842658997
79,79,2.484953561240153,2.3724056381777108,0.7238183617591858
80,80,2.4647650095574605,2.357499936645621,0.7349397540092468
81,81,2.4596733538722195,2.3515932721269692,0.7293790578842163
82,82,2.453581377794833,2.3481101388727987,0.7312326431274414
83,83,2.4511632769057,2.3457146645476135,0.7395736575126648
84,84,2.4465105765610518,2.3445206607680724,0.7367933392524719
85,85,2.4551057294080167,2.3422175028237953,0.7488415241241455
86,86,2.4403767413403616,2.3414149386005563,0.738646924495697
87,87,2.4416816152832483,2.3400955836567423,0.7423540353775024
88,88,2.4394972467996987,2.3390583819653616,0.7516219019889832
89,89,2.4390162060501623,2.337543080977757,0.7525486350059509
90,90,2.4419893365529424,2.3383608049988416,0.7506951093673706
91,91,2.435229876839087,2.335584073071131,0.747914731502533
92,92,2.4356742625550276,2.3351643503098933,0.747914731502533
93,93,2.438640152557345,2.3350849310704356,0.7497683167457581
94,94,2.442391184328661,2.3334492567626275,0.7506951093673706
95,95,2.423223995742586,2.334240281438253,0.7497683167457581
96,96,2.437004478249537,2.332706200402572,0.7534754276275635
97,97,2.4340306689498377,2.331588674409175,0.7553290128707886
98,98,2.4279468384354725,2.330739951995482,0.7571825981140137
99,99,2.4311082219503013,2.3303324475787766,0.7516219019889832
100,100,2.43224226533538,2.330787015248494,0.7516219019889832
101,101,2.4326984168645738,2.3296274038461537,0.7553290128707886
102,102,2.432155605595459,2.3290316464174006,0.7497683167457581
103,103,2.426974574982623,2.3289259803637625,0.7553290128707886
104,104,2.4253370905496987,2.3292407158682806,0.7608897089958191
105,105,2.4220177736185127,2.327909142579935,0.754402220249176
106,106,2.425523307170992,2.32889656583063,0.7655236124992371
107,107,2.4248200735634846,2.327458421426089,0.7627432942390442
108,108,2.4279500061544255,2.327332391464898,0.7636700868606567
109,109,2.4297270964869093,2.3255944450880444,0.7553290128707886
110,110,2.4191367332310008,2.3256577994670993,0.7581093907356262
111,111,2.4283366941322986,2.325920493874537,0.7506951093673706
112,112,2.4190711161955516,2.324461985562442,0.759036123752594
113,113,2.4252185273546107,2.3247511530496987,0.759036123752594
114,114,2.4257194794804215,2.3253240576488645,0.7683039903640747
115,115,2.4216084590766913,2.323905824620598,0.759036123752594
116,116,2.4172707205022013,2.323713951358318,0.7618165016174316
117,117,2.4202820898980537,2.3230684154888785,0.7655236124992371
118,118,2.4204160391566263,2.322110406771316,0.7664504051208496
119,119,2.420897532437442,2.3217723659059315,0.7710843682289124
120,120,2.4196191315743745,2.3228765422265987,0.7581093907356262
121,121,2.4202409095516684,2.322559996596965,0.7710843682289124
122,122,2.416781534189643,2.3215911271287073,0.7627432942390442
123,123,2.423524250246177,2.321689778947521,0.7710843682289124
124,124,2.428438061138786,2.3212766178898288,0.7775718569755554
125,125,2.416769089579472,2.3208301957831323,0.7812789678573608
126,126,2.419005499160102,2.3203541328776645,0.7794253826141357
127,127,2.4172741144867933,2.3196975099918906,0.7738646864891052
128,128,2.4129533458352643,2.3185408400428638,0.7720111012458801
129,129,2.4198793370597778,2.3191988205224745,0.7710843682289124
130,130,2.4094208866716866,2.3194782585872336,0.7692307829856873
131,131,2.4189084312007645,2.3181960112082947,0.7747914791107178
132,132,2.4165244964231927,2.3183315443263437,0.7775718569755554
133,133,2.414212514118976,2.3172278205369556,0.7766450643539429
134,134,2.4156902550104262,2.3176751477062094,0.7710843682289124
135,135,2.414015436746988,2.316222296035102,0.7720111012458801
136,136,2.4104884079587583,2.316735466505445,0.7636700868606567
137,137,2.4079286647793094,2.316099207527224,0.7664504051208496
138,138,2.41299429991601,2.315377872668559,0.7627432942390442
139,139,2.414678395070667,2.3158758833410564,0.7673771977424622
140,140,2.4100750206354262,2.3158075511179335,0.7747914791107178
141,141,2.412142862314643,2.315796237835959,0.7757182717323303
142,142,2.413777857825533,2.3143780048076925,0.7803521752357483
143,143,2.409152309357623,2.3144142073100094,0.7859128713607788
144,144,2.4082151170788926,2.313526340940686,0.7822057604789734
145,145,2.4157999938455745,2.3140892898517147,0.7692307829856873
146,146,2.417460104842447,2.313532902644231,0.7784985899925232
147,147,2.4092238092996987,2.313106844445088,0.7794253826141357
148,148,2.41272843778962,2.3138093992556765,0.7868396639823914
149,149,2.413311071811284,2.3118135100498147,0.7775718569755554
150,150,2.4108588048105886,2.31230812673772,0.7794253826141357
151,151,2.4110122129141565,2.312261968547266,0.7803521752357483
152,152,2.4097971664301436,2.312967238545528,0.7794253826141357
153,153,2.408252903440686,2.3124475063716403,0.7877664566040039
154,154,2.4039018151934664,2.313380173337581,0.7831325531005859
155,155,2.411081676465477,2.312473300654541,0.7831325531005859
156,156,2.4103248179014134,2.311342877519694,0.7784985899925232
157,157,2.40774968865848,2.311031309734129,0.7822057604789734
158,158,2.4125587385600094,2.3103151789851712,0.7840593457221985
159,159,2.411194356753939,2.310465871901066,0.7859128713607788
160,160,2.4040411948273865,2.3099477235866543,0.7877664566040039
161,161,2.407084467678406,2.3097671636063484,0.7859128713607788
162,162,2.4087472938629517,2.3094580847428174,0.7849860787391663
163,163,2.406761812876506,2.309152173598239,0.7868396639823914
164,164,2.4056189451314873,2.309043566091288,0.7868396639823914
165,165,2.4066396294311865,2.308882464955978,0.7868396639823914
166,166,2.411215173192771,2.3088433210003476,0.7868396639823914
167,167,2.4022441931186282,2.3087869808561168,0.7859128713607788
168,168,2.4041907564150833,2.308653031597544,0.7868396639823914
169,169,2.406553874753823,2.3085107105103106,0.7849860787391663
170,170,2.4045034555288463,2.3085046013380444,0.7859128713607788
171,171,2.403880093692076,2.3084745080079934,0.7886932492256165
172,172,2.4063058876129517,2.3084819747740966,0.7905468344688416
173,173,2.40191633420702,2.308458216881951,0.7905468344688416
174,174,2.404893763756951,2.308299830934314,0.7886932492256165
175,175,2.3984449667661027,2.3081799101453893,0.7877664566040039
176,176,2.4015362079326925,2.307908843909291,0.7868396639823914
177,177,2.399815910275718,2.3079273976917283,0.7877664566040039
178,178,2.404312487329124,2.3080973231869786,0.7859128713607788
179,179,2.400842251216404,2.3079952773835726,0.7840593457221985
180,180,2.403211704993049,2.308077411810704,0.7840593457221985
181,181,2.4028596356580167,2.3078140386063484,0.7886932492256165
182,182,2.4066253746958988,2.30757804354437,0.789620041847229
183,183,2.4056015226772476,2.307626916922498,0.789620041847229
184,184,2.40252679890234,2.30750382841462,0.7859128713607788
185,185,2.4067249315772705,2.307307203573911,0.7877664566040039
186,186,2.404829051784059,2.30743413859766,0.7868396639823914
187,187,2.4036707979755563,2.3074545025052133,0.7859128713607788
188,188,2.402089201155584,2.3072316308503242,0.7812789678573608
189,189,2.404808235345227,2.3070377211972892,0.7812789678573608
190,190,2.4043554778006255,2.3070628366832717,0.7886932492256165
191,191,2.405602654005445,2.3070067228046804,0.789620041847229
192,192,2.4073682047903153,2.3070171310240966,0.7914735674858093
193,193,2.402830673656163,2.306998577241659,0.7868396639823914
194,194,2.4017240084134617,2.307024824055839,0.7859128713607788
195,195,2.4016502458149906,2.306911691236098,0.7886932492256165
196,196,2.4054786604350094,2.307036589869092,0.7886932492256165
197,197,2.3980818104147357,2.3069171216114457,0.7914735674858093
198,198,2.402569110576923,2.306939295644115,0.7877664566040039
199,199,2.401347502389365,2.3067987846819973,0.7886932492256165
