0.0,0.2034368650244056,0.408396285981388,0.42631370596132434,0.9625346171095858,1.0136691659029664,1.1297260442062715,1.1107680585747826,0.893399483527001,1.2156892356781916,1.113028493431427,0.9761225870829283,1.2823870754565223,0.8541035709504672,1.0624385721022647,0.778975965632929,0.9525219931726382,0.718847188514666,1.026587542710419,1.1090401045151355,1.1293589468923697,0.6964606551167998,1.0895461774513846,1.1752656732917552,1.0670117294905268,1.2369756253115056,1.2454554186290332,1.0095871784276191,1.2017226176258007,1.1680890403443136,1.235371895644602,1.196200093078879,1.184716490550025,1.1615694424925407,1.2587236781682867,1.1367515446750718,1.0914663897343853,1.4086027326587307,1.0680851524656219,1.2155328053614705,1.305298238596494,0.9631209019939009,1.0537636560157655,1.185768944086316,1.1460173548496002,1.085244849175289,0.8698321053579561,1.0155936639340735,1.2572271950317568,1.1100665344714735,1.074269203166626,1.1047941471970857,1.0848192959188978,0.8392239343532295
0.2034368650244056,0.0,0.21643720213902518,0.35677181021607574,0.9658760012172888,0.9552623685729912,1.1861000276478362,1.132074372026507,1.0621092498782279,1.301527422393399,1.0766143821895204,1.0789706680454967,1.2124507650984124,0.8649233336159392,1.0422621004120283,0.8921383561495705,1.0900655905701864,0.8354033510189797,1.0307234219813592,1.0508126400567526,1.1450826677998698,0.7957166639432458,1.1603809324427423,1.1634423996957721,0.857909865682446,1.2780492641534429,1.2706951594176579,1.1175509490520465,1.06525987740575,1.0631107103932778,1.0981154132215432,1.1182470996957439,1.1674695526408763,1.048612351453344,1.2463024226808739,1.0392853228252763,1.0553374686579176,1.302184896446791,1.0378971415697793,1.2484836716143448,1.2430030029622947,1.0163900312956444,1.0283273876427912,1.2029342795640081,1.1464144845862447,1.1507893333158568,1.0806011301150058,1.1728829823965108,1.295218995145005,1.2082753922537253,1.129500880117439,1.151913041135424,1.1911758370708578,0.95587699759425
0.408396285981388,0.21643720213902518,0.0,0.4308700819682745,0.8703220515118252,0.8597548264063032,1.1811699091608294,1.0939598036219949,1.0006534013030994,1.3008027243253604,0.9484826629064631,1.0107943892493927,1.054826729439637,0.8151123831960294,1.0399536973458652,0.9321165330067624,0.9585858751530951,0.8467571582831894,0.9626300785093908,0.964388452682692,1.130912741226744,0.9351389193166392,1.2105465411752183,1.1023062476366816,0.7301856405266912,1.228105348855838,1.1408746226075248,1.114149815735184,1.049249938812926,0.948236707424349,0.9408154249115324,0.9876384202339503,1.18129172048945,1.0249623377996426,1.1699096670183446,1.0718659117015241,1.0176299447203843,1.0528046636969013,0.8824238358431777,1.2405792459263645,1.0757854318360789,1.0492212476331848,1.0313451920541612,1.214187069411097,1.177805691301945,1.1583312406779809,1.0865281512303209,1.1873085527817742,1.2600095907227606,1.2933917382995566,1.0592871209907557,1.1676306713669669,1.1759219386671307,1.003919503506436
0.42631370596132434,0.35677181021607574,0.4308700819682745,0.0,1.118181591078541,1.100668321182684,1.2806763848557077,1.0662028244690875,1.2061583002349825,1.4052347428382141,1.10335238581749,1.1583395972406774,1.3018897475301627,0.9725273906264336,0.9314225665512149,1.1059952367151296,1.2695528301464054,1.1523652959397208,1.1811767405649138,1.2070868043105203,1.3294829001287045,1.1335909374934876,1.0367914076579716,1.1546456464491512,0.956902663137538,1.212730727775345,1.3009626036284603,0.7434362544729215,1.0490948714286101,1.2167373149306566,0.9291843741547863,1.2464923002483264,1.171928058767017,1.1508279879143952,1.1061850777956632,0.9723352037793073,0.7770333002402116,0.9279318633655419,0.7491660971718834,0.9636798308785147,0.8545178681723973,0.7255808883788383,0.6449245375819448,0.7546971789732844,0.8463506617462467,0.7547956393760612,0.9308690118175855,0.9557879776236268,1.053132540010201,1.116155936952056,0.9200584966898053,0.9261233210638725,1.1548698158479693,1.1985125102936993
0.9625346171095858,0.9658760012172888,0.8703220515118252,1.118181591078541,1.1102230246251565e-16,0.11440421962204284,0.28750475781598694,0.38236711270364443,0.4307839246559916,0.5435682768209075,0.9160988208887878,0.5726371873812215,0.9915133880756212,1.2579888117564955,0.8931522270605683,0.5163029963002329,0.536281789876693,0.5216800295954402,0.5256921656404635,0.6839343904574626,0.45794849169300067,0.6613103002946523,1.3553608291219625,1.1014568307702914,1.2900272071643561,1.1145610584934815,1.090026631810879,1.2941906411084125,1.1040807397267118,0.6371915645730235,1.005134497705295,0.669421480792812,0.8192398323243847,1.0109204532615796,0.8672365731827989,0.951009658393386,1.1497240053016897,0.9494165151789925,1.0372520247739834,0.7944403587586081,0.9981851999724479,1.4232991627708977,1.3498080574716358,1.4109964499148167,1.3032648898964299,1.434087372654406,1.2909514482948683,1.3041025873025505,1.1730736995373283,1.128808720861569,1.1138438563960533,1.1488632621610506,1.0629918141047123,0.6469373249036441
1.0136691659029664,0.9552623685729912,0.8597548264063032,1.100668321182684,0.11440421962204284,0.0,0.39662181918337513,0.5537487529563282,0.506961369965552,0.6803739906644496,0.8927186732962888,0.5345129208000687,0.8472621569876443,1.2592799172441782,0.777255082674867,0.6628509280572514,0.5532469467932053,0.6863849267035362,0.4366941404390642,0.5885081590620768,0.45079082469317133,0.662462515748357,1.3981701206534,1.2005001242622204,1.201939396839237,1.18051224314294,1.1251531382093583,1.3375096448385753,1.131227938158739,0.5377393929442378,0.9451603757706879,0.5222121752501386,0.8881113126954879,1.042626306071028,0.970426545753314,0.9649318909609242,1.1442016751297281,0.9394022816833547,1.1282904129521252,0.8786709736129985,1.0091410913917394,1.5094454872277296,1.3927575541002615,1.4285081859009587,1.3453934964363974,1.4736494451131197,1.43703428541043,1.42860614822414,1.2440938302743323,1.0868990607187392,1.0112946967106067,1.036305631658759,1.1623598983692154,0.8613578105527894
1.1297260442062715,1.1861000276478362,1.1811699091608294,1.2806763848557077,0.28750475781598694,0.39662181918337513,2.220446049250313e-16,0.23986532850359155,0.3763789267365376,0.28767928619872585,0.87483329570025,0.701973806029036,0.9081532944818083,1.2866388685489254,0.9962192120941047,0.4767404986939522,0.4704919948456674,0.4922974513442808,0.5481905366002653,0.6571802154140323,0.4891625447584874,0.7467425650926998,1.196492258440076,0.9848396130355663,1.2188121934907485,0.855233958736172,0.9090066959527714,1.195536493859686,1.1650830225628988,0.6698020654142813,1.0733462803544342,0.6660918848151045,0.8306038674843427,1.106326279815944,0.8901252212352426,0.9876516049098198,1.199953003064431,0.8817362674030528,1.0419859886240745,0.7108354797761213,1.0151217818385267,1.3037768936983358,1.28193014326909,1.2928992867130396,1.2091898254988211,1.305223982422227,1.1489984790533128,1.147970836436064,1.0894357331842006,1.0464243808065392,1.1911748554638895,1.157693577044213,0.929991808908585,0.5233305253375686
1.1107680585747826,1.132074372026507,1.0939598036219949,1.0662028244690875,0.38236711270364443,0.5537487529563282,0.23986532850359155,1.1102230246251565e-16,0.6018132406911569,0.3091043653573252,0.9568325330438742,0.8812133414626143,1.1645077801047679,1.3961769998452649,0.961838167827871,0.5279877482047224,0.8481068956680332,0.6187151373487931,0.8449265414470594,0.9697378432534158,0.6162070494747887,0.9487588783485102,1.1471564303114397,0.9542260360863308,1.2075396596354644,0.8450541111469787,0.9577265288079138,1.04329421161262,1.0591891201728563,0.8872594729326098,1.0874665650000186,0.9721615365132154,0.6481763198122891,1.0750882237925667,0.7486155278866863,0.7266504679675163,1.1520771684317679,0.6001536724326302,0.7770490186211546,0.43659421356717687,0.8088332704898944,1.2257738804642502,1.1553582874133286,1.102158899340394,1.0376099495431912,1.1923049775651897,1.1481318610029723,1.1034346479107744,0.9837797448488721,0.9594446162980167,1.1398268677563452,1.1039386630833392,0.9740620528883724,0.6381230380247178
0.893399483527001,1.0621092498782279,1.0006534013030994,1.2061583002349825,0.4307839246559916,0.506961369965552,0.3763789267365376,0.6018132406911569,0.0,0.5714963521402152,0.7318419039474764,0.48150813605997855,0.8186233108697369,0.9778381456615697,1.087165929894338,0.5386243957828991,0.28131324053467155,0.543053956845212,0.4211913838801752,0.5195657803036378,0.6139143221349916,0.6952350000143837,1.161806094477802,0.8566432440974511,1.1123615344019295,0.7987337813385009,0.6993326461029747,1.2644326505634556,1.289626918705924,0.5575167255307323,1.096280734464722,0.5824523153755516,1.1098458036851024,1.2200675159088759,1.1068878189431899,1.2493425843649368,1.2742689200292465,1.12514589382543,1.270651014090436,1.0482320512585561,1.1515329977168334,1.3035777872375602,1.3284957394752621,1.4209926299690785,1.3284955884191794,1.3761172963363404,1.1272988447716474,1.144890773381595,1.0721890284488478,1.1903539293211458,1.1974856355991914,1.2677268297533695,0.8018097404598381,0.5593630289067458
1.2156892356781916,1.301527422393399,1.3008027243253604,1.4052347428382141,0.5435682768209075,0.6803739906644496,0.28767928619872585,0.3091043653573252,0.5714963521402152,2.220446049250313e-16,1.0542707513368161,0.9093882931018316,1.1224076985412739,1.220176528520729,1.1819165901949797,0.6153588559850114,0.735566202588112,0.6384138044018315,0.8627213106696199,0.9203248602638132,0.4844919141083769,0.808900580595644,0.9102681429086096,0.7717754166775963,1.1950450423851484,0.6929443827925679,0.8080085430306316,1.1187106079321256,1.117527311950719,0.8836480230683582,1.1711120409251305,0.9165369855827568,0.695131105896982,1.0445643247161829,0.8229717214791397,0.9552313220891918,1.2768795525359904,0.8590507014342038,1.0209278189956112,0.6288675043489076,0.9699002409296142,1.219256658165146,1.328090450988399,1.2831057566742368,1.1535414675323996,1.2480685601041572,1.0053971958017696,0.9767299027330828,0.9795470496155708,0.9538559388848717,1.2272215021838226,1.280547852403594,0.9916958699100631,0.621073685847548
1.113028493431427,1.0766143821895204,0.9484826629064631,1.10335238581749,0.9160988208887878,0.8927186732962888,0.87483329570025,0.9568325330438742,0.7318419039474764,1.0542707513368161,0.0,0.4980613146011228,0.6187572757268127,0.850614225214456,0.9567925356933593,0.8196168742992176,0.7698842503251068,0.9679055896367131,0.7501393555339,0.6454610551527303,0.978366723350895,1.0842546474759445,0.9046283821504496,0.6901224869195749,0.8255236753976943,0.6986782475732245,0.5337129240146751,1.0629692542261968,1.333727435451428,0.5580519133117146,0.92786734002727,0.6826870601969846,1.2451874655443094,1.3913961116356839,1.2212162735921992,1.2493448261397528,1.0964488482926302,0.8826352489553299,1.1735204507071924,1.0298799003793049,1.0195405322631808,1.0410851062624824,1.0756584759539736,1.1394077380360548,1.167425139497471,1.0451457376801514,1.0795082117161623,0.9898825841922694,0.7956388926260054,1.0036403009426385,0.9297202533095679,0.9995077814314948,0.6408241616281942,0.997690598480469
0.9761225870829283,1.0789706680454967,1.0107943892493927,1.1583395972406774,0.5726371873812215,0.5345129208000687,0.701973806029036,0.8812133414626143,0.48150813605997855,0.9093882931018316,0.4980613146011228,2.220446049250313e-16,0.6444892202161527,0.85851770067486,0.8457259263143131,0.6575463819029568,0.5220417406533768,0.8078012909065155,0.6193011615969155,0.7125590362194498,0.9512216549246927,0.8476300735615754,1.0619114396787506,0.936503493824353,1.0958972740788417,0.9249156157165102,0.7346260607871016,1.1040911738612547,1.4272554556058332,0.6402038741443787,1.2896784231298408,0.6854725174875442,1.1713307869575742,1.3590154116806927,1.322140355044822,1.213819063994234,1.3451780591781717,1.1351697063224053,1.3028175387927623,1.1362865110520028,1.2231970683060704,1.1234848403945858,1.3437131425650333,1.3135058971897888,1.2848357622551312,1.1527351163547048,1.0819381934375023,0.927979493345024,0.8672511713567446,0.9684367374723816,0.6239287429184404,0.9315165173612627,0.9086728038418793,0.8609182813811265
1.2823870754565223,1.2124507650984124,1.054826729439637,1.3018897475301627,0.9915133880756212,0.8472621569876443,0.9081532944818083,1.1645077801047679,0.8186233108697369,1.1224076985412739,0.6187572757268127,0.6444892202161527,0.0,0.6801987689301685,0.860878743025207,1.0781974064119488,0.6949353000605774,1.0936779391643114,0.5839362960198474,0.5161958967568605,0.9777097535100335,0.9925860448925505,1.059267029658224,0.9437186907900018,0.5846416576086997,0.8953601917387651,0.5362354483759995,1.174693810916618,1.2893952205414443,0.5494095400872143,0.9234272038847667,0.5014815632977223,1.3436439410257779,1.2659173377420272,1.310400010401924,1.308797773414214,1.1963761671609818,1.1366755523671344,1.290155429885011,1.2650234037131804,1.1802488665054829,1.1220287301950682,1.269516743417031,1.2881676770512593,1.3102092070214693,1.1883965789176356,1.1074909645091278,1.0898497083757428,1.0254108592044868,0.9818089533884321,0.7729339663075988,0.8339231365082078,0.943648663519943,1.1225392892899537
0.8541035709504672,0.8649233336159392,0.8151123831960294,0.9725273906264336,1.2579888117564955,1.2592799172441782,1.2866388685489254,1.3961769998452649,0.9778381456615697,1.220176528520729,0.850614225214456,0.85851770067486,0.6801987689301685,0.0,1.038326562941974,0.9411722032007135,0.8825528499525084,0.9997994987871085,1.012810038491053,0.9093054896742307,1.311535631887545,1.0129341756959827,0.7988209117660499,0.7613687743298501,0.5484793717045948,0.7702079315282141,0.5737168103651742,0.9606037832872146,1.245347816898508,0.9685968854448512,1.0645822693337055,0.9778222259985987,1.4097590432517901,1.2678794855493107,1.3811777277204853,1.4305898926141607,1.0308391645241757,1.2957137680280373,1.2284462620619683,1.3590369840831928,1.3083630609164334,0.6520709010442982,0.9159198771369834,1.0422999851625798,1.0445778690018581,0.9021257958862401,0.7003125536540573,0.8264736559030071,0.79049601963807,1.0501043421826923,0.7951779865743952,0.9086186255703937,0.8164745686858074,0.9741263609930246
1.0624385721022647,1.0422621004120283,1.0399536973458652,0.9314225665512149,0.8931522270605683,0.777255082674867,0.9962192120941047,0.961838167827871,1.087165929894338,1.1819165901949797,0.9567925356933593,0.8457259263143131,0.860878743025207,1.038326562941974,0.0,1.093800314457948,1.0380857940401427,1.2939456019500182,0.8661215775916019,0.9093715787580264,1.054222769757285,1.2276054599030248,1.0171167994362533,1.3206739634395077,0.9673056850859053,1.2537533087096415,1.26899586426652,0.8175007080399886,1.2319410738055254,0.9405843042633073,0.9863155102584977,0.9000405034751524,0.9680010499771345,1.3207490419903933,1.1921262206551886,0.9276826644084899,1.0454638673108347,0.9780290850420963,1.219883660989532,0.7094012189156296,1.0262190612993896,1.0499590157319991,1.0105714240912347,0.881454062379122,0.9056731317538902,0.7941268705060295,1.1695425228190701,1.0423703352201017,0.9048856111240738,0.4832859934952878,0.44195817667517423,0.21684220799545972,1.2017521215731435,1.3462493715136647
0.778975965632929,0.8921383561495705,0.9321165330067624,1.1059952367151296,0.5163029963002329,0.6628509280572514,0.4767404986939522,0.5279877482047224,0.5386243957828991,0.6153588559850114,0.8196168742992176,0.6575463819029568,1.0781974064119488,0.9411722032007135,1.093800314457948,1.1102230246251565e-16,0.6497558638954288,0.12875004095966003,0.7314832936793774,0.8904763677038051,0.8267820333705042,0.8005982867973417,1.051834639852332,0.8132962194700935,1.2481360723567283,0.7489579455658963,0.9229055758700389,1.0054619457187932,1.2676596639372786,0.8585009493654012,1.2155316032041963,0.9489918099560635,0.9959537534353566,1.2191089405217503,1.106598253513468,1.034942736607391,1.2325349079437402,0.947233485198643,1.008058402476123,0.9440698251970419,1.085093376604101,0.9084516267842359,1.0987031021294253,1.1964363729584357,1.0576672433751622,1.1219573702794787,0.7690815766289708,0.7520414974392201,0.722453452528339,0.8600717846979178,1.1225800309669922,1.1057886140562754,0.583737229140206,0.19665592399989484
0.9525219931726382,1.0900655905701864,0.9585858751530951,1.2695528301464054,0.536281789876693,0.5532469467932053,0.4704919948456674,0.8481068956680332,0.28131324053467155,0.735566202588112,0.7698842503251068,0.5220417406533768,0.6949353000605774,0.8825528499525084,1.0380857940401427,0.6497558638954288,0.0,0.5741073950420017,0.3601677551143305,0.3438048054800702,0.6034162852813804,0.6317445273301905,1.1783141438062399,0.8953993532981106,0.9720578082142136,0.8224644087152906,0.7242734558037027,1.3799525280985252,1.1778346195900822,0.43410810325583415,0.9994606456291083,0.37436091550339734,1.207822753275692,1.094757621902711,1.105547559364974,1.3551232997359013,1.2226750185241897,1.1942930206702052,1.2543341824523522,1.3319045645884684,1.2638711646080898,1.3034992562522332,1.3836703373156634,1.463541189903382,1.4284528949794368,1.4061329821661253,1.1221111617813744,1.1587080439512083,1.205400842051262,1.3608268635464356,1.169563022778861,1.2418457119933641,0.7434681342064333,0.5799183957562666
0.718847188514666,0.8354033510189797,0.8467571582831894,1.1523652959397208,0.5216800295954402,0.6863849267035362,0.4922974513442808,0.6187151373487931,0.543053956845212,0.6384138044018315,0.9679055896367131,0.8078012909065155,1.0936779391643114,0.9997994987871085,1.2939456019500182,0.12875004095966003,0.5741073950420017,1.1102230246251565e-16,0.6989510937714123,0.8280150941379509,0.7864558213851679,0.6989332604827907,1.0691159278681843,0.837153639702986,1.164067184365616,0.7822707728057546,0.9376888725088774,1.2076707277547936,1.115904752326584,0.832836584534747,1.0961718552581052,0.8988326231977444,1.0195971964761008,1.0283738529809967,1.0052813702673098,1.044159733970769,1.1800132677777917,0.9867136247007919,0.9420348386992973,1.0791813701406126,1.1127182633920227,1.0712269518542596,1.1583981593404418,1.2862459396370314,1.1745869897169925,1.291464847537159,0.818670814430986,0.9016071178110268,1.0135696569656503,1.0994535101123513,1.2728350916226943,1.3012336604264885,0.5941770006670961,0.09621672269796278
1.026587542710419,1.0307234219813592,0.9626300785093908,1.1811767405649138,0.5256921656404635,0.4366941404390642,0.5481905366002653,0.8449265414470594,0.4211913838801752,0.8627213106696199,0.7501393555339,0.6193011615969155,0.5839362960198474,1.012810038491053,0.8661215775916019,0.7314832936793774,0.3601677551143305,0.6989510937714123,2.220446049250313e-16,0.09363812417040229,0.5998235007765284,0.7392384583605511,1.1928874023328269,1.0555127467673888,1.0217050438183801,1.086782442354982,0.944197660232268,1.3290829233203172,1.1656198408465408,0.12657167279062442,0.8709400009763177,0.10284683272965212,1.1727839687502413,1.125967481123351,1.1345794435036072,1.2183023072293404,1.1953585656617287,1.085474339929378,1.262120179449564,1.1689425225635544,1.2211078909535396,1.3584718759302548,1.2687870688363256,1.3770003172899594,1.330376813742073,1.3425030062221326,1.264014431170901,1.2703799934229476,1.169079148351523,1.117857256126884,1.0417471270087721,1.0161134062019723,0.7467298223899818,0.7190560413769174
1.1090401045151355,1.0508126400567526,0.964388452682692,1.2070868043105203,0.6839343904574626,0.5885081590620768,0.6571802154140323,0.9697378432534158,0.5195657803036378,0.9203248602638132,0.6454610551527303,0.7125590362194498,0.5161958967568605,0.9093054896742307,0.9093715787580264,0.8904763677038051,0.3438048054800702,0.8280150941379509,0.09363812417040229,2.220446049250313e-16,0.5893176878519464,0.7546227192160768,1.148100812624089,0.9800063248861002,0.8597702230577027,1.0167677364324286,0.8490726126850199,1.327889376622201,1.0810211623781305,0.06849054921419917,0.7050705500900678,0.06424408825050598,1.2148934399815312,1.0862335321037613,1.0981387314921023,1.2889013135101484,1.1088207021177667,1.0704631347394062,1.2437218649423323,1.2096986185614191,1.2113382081397521,1.3180853851844345,1.21874061956456,1.3379600916788714,1.3237519314938655,1.3021869189096964,1.2769790445397728,1.2915574590570846,1.178587422332334,1.1818490736050107,1.0178377534343905,1.0320025457149538,0.6786627832130938,0.8267803351535243
1.1293589468923697,1.1450826677998698,1.130912741226744,1.3294829001287045,0.45794849169300067,0.45079082469317133,0.4891625447584874,0.6162070494747887,0.6139143221349916,0.4844919141083769,0.978366723350895,0.9512216549246927,0.9777097535100335,1.311535631887545,1.054222769757285,0.8267820333705042,0.6034162852813804,0.7864558213851679,0.5998235007765284,0.5893176878519464,0.0,0.6050605086236529,1.3893912857740611,1.1672155590765165,1.1695773011664023,1.1238447882930416,1.0799578579867086,1.1622694537069247,0.8077106484570253,0.5495342572237649,0.8300214191303322,0.559057451164366,0.667588438581965,0.7785710350561506,0.6947198818715294,0.8708650889113252,1.0752985900664003,0.9161115026657596,1.1134217771494335,0.8050121306427768,0.9698607600965146,1.465256204248351,1.2810585464901618,1.28085819939509,1.1067778933989638,1.3527629314316594,1.3696857886880422,1.3159166776334772,1.1879902271317673,1.0509305981208268,1.2552698624315761,1.2129876186322006,0.9695890410784646,0.8350237100947264
0.6964606551167998,0.7957166639432458,0.9351389193166392,1.1335909374934876,0.6613103002946523,0.662462515748357,0.7467425650926998,0.9487588783485102,0.6952350000143837,0.808900580595644,1.0842546474759445,0.8476300735615754,0.9925860448925505,1.0129341756959827,1.2276054599030248,0.8005982867973417,0.6317445273301905,0.6989332604827907,0.7392384583605511,0.7546227192160768,0.6050605086236529,0.0,1.2217616971951428,1.163526173979892,1.1750732620993727,1.1058002569904595,1.0048943928916796,1.3551746315022983,1.044326662028345,0.7714842500041524,1.148427589785293,0.7525721953297235,1.107443605922632,0.9297591853140016,1.1226128945945584,1.2111701607344072,1.1982477768805133,1.3647437666719904,1.2392088685721012,1.2265848868190758,1.3529505728415414,1.2039761421407547,1.3385785938775738,1.442282709404144,1.3177663527704968,1.4317068390144465,1.0207703819342355,1.1954944311605926,1.2015653543127116,1.2553004864238397,1.2798207671871409,1.4134366456417533,0.9665510833661959,0.7203845914417708
1.0895461774513846,1.1603809324427423,1.2105465411752183,1.0367914076579716,1.3553608291219625,1.3981701206534,1.196492258440076,1.1471564303114397,1.161806094477802,0.9102681429086096,0.9046283821504496,1.0619114396787506,1.059267029658224,0.7988209117660499,1.0171167994362533,1.051834639852332,1.1783141438062399,1.0691159278681843,1.1928874023328269,1.148100812624089,1.3893912857740611,1.2217616971951428,0.0,0.37538230476466516,0.9761557019577426,0.43485259158630785,0.7490151666665308,0.7550951966060028,1.089394109118074,1.143808241446802,1.0285238502173835,1.2000054786247147,1.1104893110927425,1.2587372201111295,1.076965048032771,1.1254673948455207,0.9670616830687981,1.03149486860292,1.0867135857285273,0.9402807111721788,1.0989617901121596,0.7187940355055451,0.7504618011671201,0.7281854671273869,0.8251645174524562,0.6216926137183021,0.6376901559678132,0.5695124375481959,0.7931352213053198,0.859980209685867,0.9027239837241114,0.9184102594548705,0.6309436658231377,1.001175482953915
1.1752656732917552,1.1634423996957721,1.1023062476366816,1.1546456464491512,1.1014568307702914,1.2005001242622204,0.9848396130355663,0.9542260360863308,0.8566432440974511,0.7717754166775963,0.6901224869195749,0.936503493824353,0.9437186907900018,0.7613687743298501,1.3206739634395077,0.8132962194700935,0.8953993532981106,0.837153639702986,1.0555127467673888,0.9800063248861002,1.1672155590765165,1.163526173979892,0.37538230476466516,0.0,0.874422272276355,0.31278133326003166,0.4570331915742528,1.0123494576772636,0.9316610082954024,0.9178082862722355,0.849789843409032,1.0467588446499745,1.0241128315332457,1.0114693379971529,0.8574178795273102,1.123483739488057,0.9289863362708817,0.928154016631089,1.0310325287151083,0.9830141910033445,0.9216740497720401,0.8386468382477372,0.8422506792977883,0.9701832141067815,0.9921278750396951,0.8952772086941944,0.7863840606382642,0.8188575367994593,0.7684811097850143,1.1441762214672682,1.2012272640202537,1.2809721960448655,0.4882707270751061,0.7324402805323644
1.0670117294905268,0.857909865682446,0.7301856405266912,0.956902663137538,1.2900272071643561,1.201939396839237,1.2188121934907485,1.2075396596354644,1.1123615344019295,1.1950450423851484,0.8255236753976943,1.0958972740788417,0.5846416576086997,0.5484793717045948,0.9673056850859053,1.2481360723567283,0.9720578082142136,1.164067184365616,1.0217050438183801,0.8597702230577027,1.1695773011664023,1.1750732620993727,0.9761557019577426,0.874422272276355,0.0,0.8276084859059708,0.5201076552456214,1.2108884029941822,1.0547114106792959,0.9116216776078396,0.7340927047002377,0.8909442095790369,1.3198225999813755,1.1500739508825923,1.2377038010653365,1.2107783522184459,1.0216741910175586,1.0887331958970927,1.1964157928771402,1.219913951222121,1.1421133534927221,1.128472894051142,1.0331992552467892,1.1076562690084875,1.1654272232790088,1.1050948590372864,1.2085130908192165,1.272626707168571,1.1692243518181968,1.2851069141267721,0.9597655239476759,0.9685533306688651,1.0852712867703558,1.230739096943175
1.2369756253115056,1.2780492641534429,1.228105348855838,1.212730727775345,1.1145610584934815,1.18051224314294,0.855233958736172,0.8450541111469787,0.7987337813385009,0.6929443827925679,0.6986782475732245,0.9249156157165102,0.8953601917387651,0.7702079315282141,1.2537533087096415,0.7489579455658963,0.8224644087152906,0.7822707728057546,1.086782442354982,1.0167677364324286,1.1238447882930416,1.1058002569904595,0.43485259158630785,0.31278133326003166,0.8276084859059708,0.0,0.3454755623963254,1.0086966694275175,1.1404604022535816,1.034040324712402,1.0213216160948957,1.0622033389557444,1.167375445370183,1.2662077989669787,1.030601149368243,1.1770595068603764,1.097767408633056,0.8394058705787298,1.0292223043976032,0.9867417940151294,0.9449960731011234,0.8828613086946792,0.9887486137751103,1.0144302063598514,1.0905882790490347,0.9572459986884251,0.7567996444597406,0.7344678062204363,0.7651737911348165,1.1701860975426972,1.1508364207373967,1.2495531735162877,0.49901956845236783,0.7291208324954644
1.2454554186290332,1.2706951594176579,1.1408746226075248,1.3009626036284603,1.090026631810879,1.1251531382093583,0.9090066959527714,0.9577265288079138,0.6993326461029747,0.8080085430306316,0.5337129240146751,0.7346260607871016,0.5362354483759995,0.5737168103651742,1.26899586426652,0.9229055758700389,0.7242734558037027,0.9376888725088774,0.944197660232268,0.8490726126850199,1.0799578579867086,1.0048943928916796,0.7490151666665308,0.4570331915742528,0.5201076552456214,0.3454755623963254,0.0,1.2143334236287684,1.17280385285301,0.8550800898890036,1.0985906072538143,0.8793197167965525,1.16388688172789,1.2097479110440512,1.0809644134232075,1.1992990545265838,1.1819851953926623,1.0273493242134197,1.1861857032833314,1.1120390627434384,1.126907672292098,1.065085803276353,1.1175401456704177,1.2025755420405386,1.192735681997485,1.1367112180772747,0.9630256391427447,0.9929181794076489,0.9044962841860592,1.2545974094833183,1.0515332281157386,1.234461878687612,0.7471064904023459,0.8935649579208398
1.0095871784276191,1.1175509490520465,1.114149815735184,0.7434362544729215,1.2941906411084125,1.3375096448385753,1.195536493859686,1.04329421161262,1.2644326505634556,1.1187106079321256,1.0629692542261968,1.1040911738612547,1.174693810916618,0.9606037832872146,0.8175007080399886,1.0054619457187932,1.3799525280985252,1.2076707277547936,1.3290829233203172,1.327889376622201,1.1622694537069247,1.3551746315022983,0.7550951966060028,1.0123494576772636,1.2108884029941822,1.0086966694275175,1.2143334236287684,0.0,1.0629968063016468,1.2993546916305356,1.0629479374584008,1.336783100790936,0.8359788429299282,1.1652113859631343,1.0206026146691602,0.8263538623688589,0.8623964449205163,0.7959754151067469,0.9149459416810591,0.5978281825070149,0.8868716313422675,0.36190063737517963,0.4729949485280236,0.35130206612972115,0.3450277994246852,0.23141632252042654,0.5290158138303416,0.3297288065841494,0.4873134525055095,0.46465075515340903,0.5584737565933264,0.5595260284521892,0.8869634526617185,1.1655007174440175
1.2017226176258007,1.06525987740575,1.049249938812926,1.0490948714286101,1.1040807397267118,1.131227938158739,1.1650830225628988,1.0591891201728563,1.289626918705924,1.117527311950719,1.333727435451428,1.4272554556058332,1.2893952205414443,1.245347816898508,1.2319410738055254,1.2676596639372786,1.1778346195900822,1.115904752326584,1.1656198408465408,1.0810211623781305,0.8077106484570253,1.044326662028345,1.089394109118074,0.9316610082954024,1.0547114106792959,1.1404604022535816,1.17280385285301,1.0629968063016468,0.0,1.0345323210569135,0.495132067553413,1.0354221979737184,0.4380495360902418,0.13403506907183416,0.21190885991350683,0.3971095501211843,0.4810686137504545,0.7603125330911481,0.6357376749248176,0.8659474803565341,0.6609612838241068,1.1446615485282117,0.7096669107333178,0.70931142270484,0.6704602765473355,1.0238659080247061,1.2145051265759994,1.3007909717180612,1.124839795331092,1.1991294073942267,1.3026756495187708,1.2318996129320436,1.030160510516722,1.0173903244315459
1.1680890403443136,1.0631107103932778,0.948236707424349,1.2167373149306566,0.6371915645730235,0.5377393929442378,0.6698020654142813,0.8872594729326098,0.5575167255307323,0.8836480230683582,0.5580519133117146,0.6402038741443787,0.5494095400872143,0.9685968854448512,0.9405843042633073,0.8585009493654012,0.43410810325583415,0.832836584534747,0.12657167279062442,0.06849054921419917,0.5495342572237649,0.7714842500041524,1.143808241446802,0.9178082862722355,0.9116216776078396,1.034040324712402,0.8550800898890036,1.2993546916305356,1.0345323210569135,0.0,0.7183354554624826,0.07571737254067523,1.105998509241891,1.0058387824993573,1.0171358470238316,1.1809730501727997,1.1418002075187526,0.9477344588021914,1.238049102940792,1.1141332914558488,1.1774710170136216,1.3161096639963543,1.2225937048168418,1.3073592105811733,1.2864635452386923,1.310172471383708,1.3363340303186453,1.3137695380591599,1.1332387405697133,1.1289651129490765,1.0188436840740218,1.0607387700732112,0.6724375852368734,0.8199449618662292
1.235371895644602,1.0981154132215432,0.9408154249115324,0.9291843741547863,1.005134497705295,0.9451603757706879,1.0733462803544342,1.0874665650000186,1.096280734464722,1.1711120409251305,0.92786734002727,1.2896784231298408,0.9234272038847667,1.0645822693337055,0.9863155102584977,1.2155316032041963,0.9994606456291083,1.0961718552581052,0.8709400009763177,0.7050705500900678,0.8300214191303322,1.148427589785293,1.0285238502173835,0.849789843409032,0.7340927047002377,1.0213216160948957,1.0985906072538143,1.0629479374584008,0.495132067553413,0.7183354554624826,0.0,0.7445961495165588,0.9006938863374288,0.640358668647502,0.6171826191404144,0.893451281696627,0.3396201289884897,0.6801980358817192,0.7969569705822094,0.878700661151314,0.5792786325158554,1.070094123441112,0.6363286873464072,0.7238833475303601,0.7965785200945921,0.9454196654584153,1.2264945407120322,1.2857359584131518,1.0765129245856508,1.1624057615237953,1.0980844185133798,0.9419128512429478,0.8475221098854178,1.0991804951487187
1.196200093078879,1.1182470996957439,0.9876384202339503,1.2464923002483264,0.669421480792812,0.5222121752501386,0.6660918848151045,0.9721615365132154,0.5824523153755516,0.9165369855827568,0.6826870601969846,0.6854725174875442,0.5014815632977223,0.9778222259985987,0.9000405034751524,0.9489918099560635,0.37436091550339734,0.8988326231977444,0.10284683272965212,0.06424408825050598,0.559057451164366,0.7525721953297235,1.2000054786247147,1.0467588446499745,0.8909442095790369,1.0622033389557444,0.8793197167965525,1.336783100790936,1.0354221979737184,0.07571737254067523,0.7445961495165588,2.220446049250313e-16,1.1368316159027103,1.0058114926471975,1.035009773125078,1.2082984830584662,1.118131619471158,1.0420222953588776,1.2571946890750674,1.1874306191989987,1.1705160976893678,1.352585153715728,1.2264384948616203,1.3082207270297839,1.2841407434141066,1.3139288302715082,1.3480127871049863,1.3440139574365018,1.1471381378668029,1.1530999459964992,1.033419080506879,1.0463375779708242,0.8001225430484478,0.9053831513114422
1.184716490550025,1.1674695526408763,1.18129172048945,1.171928058767017,0.8192398323243847,0.8881113126954879,0.8306038674843427,0.6481763198122891,1.1098458036851024,0.695131105896982,1.2451874655443094,1.1713307869575742,1.3436439410257779,1.4097590432517901,0.9680010499771345,0.9959537534353566,1.207822753275692,1.0195971964761008,1.1727839687502413,1.2148934399815312,0.667588438581965,1.107443605922632,1.1104893110927425,1.0241128315332457,1.3198225999813755,1.167375445370183,1.16388688172789,0.8359788429299282,0.4380495360902418,1.105998509241891,0.9006938863374288,1.1368316159027103,0.0,0.4748994504743024,0.21915799240637301,0.12320104651140418,0.8724542305456969,0.6237688247611155,0.7839389904190345,0.34773314773216024,0.6710575367366596,1.109562772493644,0.8264657158694404,0.7282112594054932,0.5921704013834062,0.9330417917200889,1.162303082713602,1.043452473252113,0.9507790098633325,0.7483994616115911,1.0394885900797615,1.0214704002012216,1.1810977314731064,0.9950340901392623
1.1615694424925407,1.048612351453344,1.0249623377996426,1.1508279879143952,1.0109204532615796,1.042626306071028,1.106326279815944,1.0750882237925667,1.2200675159088759,1.0445643247161829,1.3913961116356839,1.3590154116806927,1.2659173377420272,1.2678794855493107,1.3207490419903933,1.2191089405217503,1.094757621902711,1.0283738529809967,1.125967481123351,1.0862335321037613,0.7785710350561506,0.9297591853140016,1.2587372201111295,1.0114693379971529,1.1500739508825923,1.2662077989669787,1.2097479110440512,1.1652113859631343,0.13403506907183416,1.0058387824993573,0.640358668647502,1.0058114926471975,0.4748994504743024,0.0,0.29300266133418174,0.5442822854064338,0.5879749610447984,0.8953843779476705,0.7295853576654456,0.9853031828335972,0.8151556449445699,1.1977742476141882,0.9159843318684631,0.90447504060599,0.8361730563147148,1.1759910185372044,1.1882940521646046,1.3312482172171678,1.2214016950551905,1.228944333734062,1.3291700204325452,1.3117018285223716,1.1867832350954555,0.9485154828152066
1.2587236781682867,1.2463024226808739,1.1699096670183446,1.1061850777956632,0.8672365731827989,0.970426545753314,0.8901252212352426,0.7486155278866863,1.1068878189431899,0.8229717214791397,1.2212162735921992,1.322140355044822,1.310400010401924,1.3811777277204853,1.1921262206551886,1.106598253513468,1.105547559364974,1.0052813702673098,1.1345794435036072,1.0981387314921023,0.6947198818715294,1.1226128945945584,1.076965048032771,0.8574178795273102,1.2377038010653365,1.030601149368243,1.0809644134232075,1.0206026146691602,0.21190885991350683,1.0171358470238316,0.6171826191404144,1.035009773125078,0.21915799240637301,0.29300266133418174,0.0,0.3098271924472109,0.5945573461739888,0.5484390747835937,0.6370987734871794,0.4965607185422227,0.5245781686555469,1.1561001052943838,0.733764117807943,0.7254558711556952,0.6823860152924963,0.9833761768141852,1.195972915525376,1.207003031139414,1.0751673590652269,1.0925876147216456,1.2661870448454995,1.2453861824941028,1.0225374244274463,0.9229583190111657
1.1367515446750718,1.0392853228252763,1.0718659117015241,0.9723352037793073,0.951009658393386,0.9649318909609242,0.9876516049098198,0.7266504679675163,1.2493425843649368,0.9552313220891918,1.2493448261397528,1.213819063994234,1.308797773414214,1.4305898926141607,0.9276826644084899,1.034942736607391,1.3551232997359013,1.044159733970769,1.2183023072293404,1.2889013135101484,0.8708650889113252,1.2111701607344072,1.1254673948455207,1.123483739488057,1.2107783522184459,1.1770595068603764,1.1992990545265838,0.8263538623688589,0.3971095501211843,1.1809730501727997,0.893451281696627,1.2082984830584662,0.12320104651140418,0.5442822854064338,0.3098271924472109,0.0,0.8605225651870929,0.5318946697772546,0.6513327984090516,0.4284794807118881,0.5899228267314989,1.054561625030681,0.7309049247684148,0.624605249225172,0.5395325892275569,0.9166837611033203,1.1573850942738295,1.0463810821610466,0.9426540030101991,0.7758021080239877,1.0050195119216947,0.9556700799055197,1.16036473717515,1.0351534214630906
1.0914663897343853,1.0553374686579176,1.0176299447203843,0.7770333002402116,1.1497240053016897,1.1442016751297281,1.199953003064431,1.1520771684317679,1.2742689200292465,1.2768795525359904,1.0964488482926302,1.3451780591781717,1.1963761671609818,1.0308391645241757,1.0454638673108347,1.2325349079437402,1.2226750185241897,1.1800132677777917,1.1953585656617287,1.1088207021177667,1.0752985900664003,1.1982477768805133,0.9670616830687981,0.9289863362708817,1.0216741910175586,1.097767408633056,1.1819851953926623,0.8623964449205163,0.4810686137504545,1.1418002075187526,0.3396201289884897,1.118131619471158,0.8724542305456969,0.5879749610447984,0.5945573461739888,0.8605225651870929,0.0,0.8178936557407134,0.7111169408648645,0.8384059995415917,0.5596280460768145,0.8345760073503606,0.34487055757043694,0.42876839234619024,0.45715122652281703,0.6722858581732404,0.9727674296973042,1.074651370030924,0.9669765884375545,1.0626346126277932,1.07583721252728,0.8885580312945567,0.9731767527425873,1.1379589559685728
1.4086027326587307,1.302184896446791,1.0528046636969013,0.9279318633655419,0.9494165151789925,0.9394022816833547,0.8817362674030528,0.6001536724326302,1.12514589382543,0.8590507014342038,0.8826352489553299,1.1351697063224053,1.1366755523671344,1.2957137680280373,0.9780290850420963,0.947233485198643,1.1942930206702052,0.9867136247007919,1.085474339929378,1.0704631347394062,0.9161115026657596,1.3647437666719904,1.03149486860292,0.928154016631089,1.0887331958970927,0.8394058705787298,1.0273493242134197,0.7959754151067469,0.7603125330911481,0.9477344588021914,0.6801980358817192,1.0420222953588776,0.6237688247611155,0.8953843779476705,0.5484390747835937,0.5318946697772546,0.8178936557407134,0.0,0.3279728027135176,0.47895845523689096,0.29436475678433127,0.8790164976090883,0.7695014735728416,0.6885960471654545,0.7206669080330217,0.8457530338052377,0.9994768313237946,0.8800897210041606,0.7369142674088476,0.8604414281679318,0.9314740756446296,1.0044789054563932,0.7886490952759555,0.9366556357734093
1.0680851524656219,1.0378971415697793,0.8824238358431777,0.7491660971718834,1.0372520247739834,1.1282904129521252,1.0419859886240745,0.7770490186211546,1.270651014090436,1.0209278189956112,1.1735204507071924,1.3028175387927623,1.290155429885011,1.2284462620619683,1.219883660989532,1.008058402476123,1.2543341824523522,0.9420348386992973,1.262120179449564,1.2437218649423323,1.1134217771494335,1.2392088685721012,1.0867135857285273,1.0310325287151083,1.1964157928771402,1.0292223043976032,1.1861857032833314,0.9149459416810591,0.6357376749248176,1.238049102940792,0.7969569705822094,1.2571946890750674,0.7839389904190345,0.7295853576654456,0.6370987734871794,0.6513327984090516,0.7111169408648645,0.3279728027135176,0.0,0.8108786290171887,0.3792611528253682,0.8019734054711994,0.7708962891074251,0.7651159838296162,0.7901332809546261,0.9235420459135537,0.7971637882920511,0.8922358522830207,0.8476924561179738,1.0192247104381873,1.0982454558915324,1.1847749949214745,0.9118719382585531,0.8636996790634828
1.2155328053614705,1.2484836716143448,1.2405792459263645,0.9636798308785147,0.7944403587586081,0.8786709736129985,0.7108354797761213,0.43659421356717687,1.0482320512585561,0.6288675043489076,1.0298799003793049,1.1362865110520028,1.2650234037131804,1.3590369840831928,0.7094012189156296,0.9440698251970419,1.3319045645884684,1.0791813701406126,1.1689425225635544,1.2096986185614191,0.8050121306427768,1.2265848868190758,0.9402807111721788,0.9830141910033445,1.219913951222121,0.9867417940151294,1.1120390627434384,0.5978281825070149,0.8659474803565341,1.1141332914558488,0.878700661151314,1.1874306191989987,0.34773314773216024,0.9853031828335972,0.4965607185422227,0.4284794807118881,0.8384059995415917,0.47895845523689096,0.8108786290171887,0.0,0.5296925717859216,0.9629319699967683,0.7271307536624572,0.6200859517497584,0.5580731414132138,0.6957518946954544,1.0339007647058145,0.9180227691289485,0.7479552528173649,0.5803290310272047,0.8426422786961996,0.7528754946264479,1.083331736468835,1.076031892041971
1.305298238596494,1.2430030029622947,1.0757854318360789,0.8545178681723973,0.9981851999724479,1.0091410913917394,1.0151217818385267,0.8088332704898944,1.1515329977168334,0.9699002409296142,1.0195405322631808,1.2231970683060704,1.1802488665054829,1.3083630609164334,1.0262190612993896,1.085093376604101,1.2638711646080898,1.1127182633920227,1.2211078909535396,1.2113382081397521,0.9698607600965146,1.3529505728415414,1.0989617901121596,0.9216740497720401,1.1421133534927221,0.9449960731011234,1.126907672292098,0.8868716313422675,0.6609612838241068,1.1774710170136216,0.5792786325158554,1.1705160976893678,0.6710575367366596,0.8151556449445699,0.5245781686555469,0.5899228267314989,0.5596280460768145,0.29436475678433127,0.3792611528253682,0.5296925717859216,0.0,0.9366157349004006,0.6899451725333801,0.6906931524994637,0.6801506683697733,0.8728186244522564,1.0133658315748881,0.9644949208563439,0.724329465063712,0.9085169399069024,1.1141676875946693,1.103589432181251,0.968216381839351,1.0653093672030218
0.9631209019939009,1.0163900312956444,1.0492212476331848,0.7255808883788383,1.4232991627708977,1.5094454872277296,1.3037768936983358,1.2257738804642502,1.3035777872375602,1.219256658165146,1.0410851062624824,1.1234848403945858,1.1220287301950682,0.6520709010442982,1.0499590157319991,0.9084516267842359,1.3034992562522332,1.0712269518542596,1.3584718759302548,1.3180853851844345,1.465256204248351,1.2039761421407547,0.7187940355055451,0.8386468382477372,1.128472894051142,0.8828613086946792,1.065085803276353,0.36190063737517963,1.1446615485282117,1.3161096639963543,1.070094123441112,1.352585153715728,1.109562772493644,1.1977742476141882,1.1561001052943838,1.054561625030681,0.8345760073503606,0.8790164976090883,0.8019734054711994,0.9629319699967683,0.9366157349004006,0.0,0.4191154670429016,0.4433224734114424,0.49338484965522555,0.3209764138360558,0.20608204595996793,0.22040193502475058,0.42436183676359385,0.6478987344900502,0.7526544068033507,0.799176026873375,0.7088517147475194,0.9719710775820384
1.0537636560157655,1.0283273876427912,1.0313451920541612,0.6449245375819448,1.3498080574716358,1.3927575541002615,1.28193014326909,1.1553582874133286,1.3284957394752621,1.328090450988399,1.0756584759539736,1.3437131425650333,1.269516743417031,0.9159198771369834,1.0105714240912347,1.0987031021294253,1.3836703373156634,1.1583981593404418,1.2687870688363256,1.21874061956456,1.2810585464901618,1.3385785938775738,0.7504618011671201,0.8422506792977883,1.0331992552467892,0.9887486137751103,1.1175401456704177,0.4729949485280236,0.7096669107333178,1.2225937048168418,0.6363286873464072,1.2264384948616203,0.8264657158694404,0.9159843318684631,0.733764117807943,0.7309049247684148,0.34487055757043694,0.7695014735728416,0.7708962891074251,0.7271307536624572,0.6899451725333801,0.4191154670429016,0.0,0.11265555282729633,0.15493528009705448,0.23585755204483727,0.7290206323539723,0.6769160924274302,0.6373678042905493,0.7774878183817349,0.8527413002426721,0.7328642908984058,0.7538578487910739,1.081696729932123
1.185768944086316,1.2029342795640081,1.214187069411097,0.7546971789732844,1.4109964499148167,1.4285081859009587,1.2928992867130396,1.102158899340394,1.4209926299690785,1.2831057566742368,1.1394077380360548,1.3135058971897888,1.2881676770512593,1.0422999851625798,0.881454062379122,1.1964363729584357,1.463541189903382,1.2862459396370314,1.3770003172899594,1.3379600916788714,1.28085819939509,1.442282709404144,0.7281854671273869,0.9701832141067815,1.1076562690084875,1.0144302063598514,1.2025755420405386,0.35130206612972115,0.70931142270484,1.3073592105811733,0.7238833475303601,1.3082207270297839,0.7282112594054932,0.90447504060599,0.7254558711556952,0.624605249225172,0.42876839234619024,0.6885960471654545,0.7651159838296162,0.6200859517497584,0.6906931524994637,0.4433224734114424,0.11265555282729633,0.0,0.07997379276145566,0.1996966139950459,0.7703155599730312,0.6179888376153768,0.5821798419241577,0.6309661117040701,0.6971285184480753,0.5886483364995225,0.8502756966532612,1.1836470154932617
1.1460173548496002,1.1464144845862447,1.177805691301945,0.8463506617462467,1.3032648898964299,1.3453934964363974,1.2091898254988211,1.0376099495431912,1.3284955884191794,1.1535414675323996,1.167425139497471,1.2848357622551312,1.3102092070214693,1.0445778690018581,0.9056731317538902,1.0576672433751622,1.4284528949794368,1.1745869897169925,1.330376813742073,1.3237519314938655,1.1067778933989638,1.3177663527704968,0.8251645174524562,0.9921278750396951,1.1654272232790088,1.0905882790490347,1.192735681997485,0.3450277994246852,0.6704602765473355,1.2864635452386923,0.7965785200945921,1.2841407434141066,0.5921704013834062,0.8361730563147148,0.6823860152924963,0.5395325892275569,0.45715122652281703,0.7206669080330217,0.7901332809546261,0.5580731414132138,0.6801506683697733,0.49338484965522555,0.15493528009705448,0.07997379276145566,0.0,0.2542801056841526,0.782717795170339,0.6127260019584555,0.4762162972675502,0.5363163385767126,0.7418808619298513,0.6500072192561677,0.8897943758686426,1.0839542092159666
1.085244849175289,1.1507893333158568,1.1583312406779809,0.7547956393760612,1.434087372654406,1.4736494451131197,1.305223982422227,1.1923049775651897,1.3761172963363404,1.2480685601041572,1.0451457376801514,1.1527351163547048,1.1883965789176356,0.9021257958862401,0.7941268705060295,1.1219573702794787,1.4061329821661253,1.291464847537159,1.3425030062221326,1.3021869189096964,1.3527629314316594,1.4317068390144465,0.6216926137183021,0.8952772086941944,1.1050948590372864,0.9572459986884251,1.1367112180772747,0.23141632252042654,1.0238659080247061,1.310172471383708,0.9454196654584153,1.3139288302715082,0.9330417917200889,1.1759910185372044,0.9833761768141852,0.9166837611033203,0.6722858581732404,0.8457530338052377,0.9235420459135537,0.6957518946954544,0.8728186244522564,0.3209764138360558,0.23585755204483727,0.1996966139950459,0.2542801056841526,2.220446049250313e-16,0.6002358908301846,0.37183620457759026,0.4918803377296119,0.4596822429058214,0.49747644698506455,0.45754874282721936,0.7933040350220334,1.1993023121756743
0.8698321053579561,1.0806011301150058,1.0865281512303209,0.9308690118175855,1.2909514482948683,1.43703428541043,1.1489984790533128,1.1481318610029723,1.1272988447716474,1.0053971958017696,1.0795082117161623,1.0819381934375023,1.1074909645091278,0.7003125536540573,1.1695425228190701,0.7690815766289708,1.1221111617813744,0.818670814430986,1.264014431170901,1.2769790445397728,1.3696857886880422,1.0207703819342355,0.6376901559678132,0.7863840606382642,1.2085130908192165,0.7567996444597406,0.9630256391427447,0.5290158138303416,1.2145051265759994,1.3363340303186453,1.2264945407120322,1.3480127871049863,1.162303082713602,1.1882940521646046,1.195972915525376,1.1573850942738295,0.9727674296973042,0.9994768313237946,0.7971637882920511,1.0339007647058145,1.0133658315748881,0.20608204595996793,0.7290206323539723,0.7703155599730312,0.782717795170339,0.6002358908301846,0.0,0.20618391540850445,0.5949506279366183,0.7782948496034275,0.902795092971301,0.9913539553429053,0.6544967604690928,0.7438187628134738
1.0155936639340735,1.1728829823965108,1.1873085527817742,0.9557879776236268,1.3041025873025505,1.42860614822414,1.147970836436064,1.1034346479107744,1.144890773381595,0.9767299027330828,0.9898825841922694,0.927979493345024,1.0898497083757428,0.8264736559030071,1.0423703352201017,0.7520414974392201,1.1587080439512083,0.9016071178110268,1.2703799934229476,1.2915574590570846,1.3159166776334772,1.1954944311605926,0.5695124375481959,0.8188575367994593,1.272626707168571,0.7344678062204363,0.9929181794076489,0.3297288065841494,1.3007909717180612,1.3137695380591599,1.2857359584131518,1.3440139574365018,1.043452473252113,1.3312482172171678,1.207003031139414,1.0463810821610466,1.074651370030924,0.8800897210041606,0.8922358522830207,0.9180227691289485,0.9644949208563439,0.22040193502475058,0.6769160924274302,0.6179888376153768,0.6127260019584555,0.37183620457759026,0.20618391540850445,0.0,0.4133758406406657,0.5549974449525272,0.6678004779028799,0.7924111338101268,0.6267614179526614,0.8197178925038461
1.2572271950317568,1.295218995145005,1.2600095907227606,1.053132540010201,1.1730736995373283,1.2440938302743323,1.0894357331842006,0.9837797448488721,1.0721890284488478,0.9795470496155708,0.7956388926260054,0.8672511713567446,1.0254108592044868,0.79049601963807,0.9048856111240738,0.722453452528339,1.205400842051262,1.0135696569656503,1.169079148351523,1.178587422332334,1.1879902271317673,1.2015653543127116,0.7931352213053198,0.7684811097850143,1.1692243518181968,0.7651737911348165,0.9044962841860592,0.4873134525055095,1.124839795331092,1.1332387405697133,1.0765129245856508,1.1471381378668029,0.9507790098633325,1.2214016950551905,1.0751673590652269,0.9426540030101991,0.9669765884375545,0.7369142674088476,0.8476924561179738,0.7479552528173649,0.724329465063712,0.42436183676359385,0.6373678042905493,0.5821798419241577,0.4762162972675502,0.4918803377296119,0.5949506279366183,0.4133758406406657,1.1102230246251565e-16,0.48513552948842953,0.7282943889926575,0.7905217284616917,0.7101390217934744,0.9253823382585837
1.1100665344714735,1.2082753922537253,1.2933917382995566,1.116155936952056,1.128808720861569,1.0868990607187392,1.0464243808065392,0.9594446162980167,1.1903539293211458,0.9538559388848717,1.0036403009426385,0.9684367374723816,0.9818089533884321,1.0501043421826923,0.4832859934952878,0.8600717846979178,1.3608268635464356,1.0994535101123513,1.117857256126884,1.1818490736050107,1.0509305981208268,1.2553004864238397,0.859980209685867,1.1441762214672682,1.2851069141267721,1.1701860975426972,1.2545974094833183,0.46465075515340903,1.1991294073942267,1.1289651129490765,1.1624057615237953,1.1530999459964992,0.7483994616115911,1.228944333734062,1.0925876147216456,0.7758021080239877,1.0626346126277932,0.8604414281679318,1.0192247104381873,0.5803290310272047,0.9085169399069024,0.6478987344900502,0.7774878183817349,0.6309661117040701,0.5363163385767126,0.4596822429058214,0.7782948496034275,0.5549974449525272,0.48513552948842953,0.0,0.47023132602403794,0.33797183084236704,0.9684255757289617,1.0787836115873242
1.074269203166626,1.129500880117439,1.0592871209907557,0.9200584966898053,1.1138438563960533,1.0112946967106067,1.1911748554638895,1.1398268677563452,1.1974856355991914,1.2272215021838226,0.9297202533095679,0.6239287429184404,0.7729339663075988,0.7951779865743952,0.44195817667517423,1.1225800309669922,1.169563022778861,1.2728350916226943,1.0417471270087721,1.0178377534343905,1.2552698624315761,1.2798207671871409,0.9027239837241114,1.2012272640202537,0.9597655239476759,1.1508364207373967,1.0515332281157386,0.5584737565933264,1.3026756495187708,1.0188436840740218,1.0980844185133798,1.033419080506879,1.0394885900797615,1.3291700204325452,1.2661870448454995,1.0050195119216947,1.07583721252728,0.9314740756446296,1.0982454558915324,0.8426422786961996,1.1141676875946693,0.7526544068033507,0.8527413002426721,0.6971285184480753,0.7418808619298513,0.49747644698506455,0.902795092971301,0.6678004779028799,0.7282943889926575,0.47023132602403794,0.0,0.24716107181146807,1.0303016375166867,1.2738282014974942
1.1047941471970857,1.151913041135424,1.1676306713669669,0.9261233210638725,1.1488632621610506,1.036305631658759,1.157693577044213,1.1039386630833392,1.2677268297533695,1.280547852403594,0.9995077814314948,0.9315165173612627,0.8339231365082078,0.9086186255703937,0.21684220799545972,1.1057886140562754,1.2418457119933641,1.3012336604264885,1.0161134062019723,1.0320025457149538,1.2129876186322006,1.4134366456417533,0.9184102594548705,1.2809721960448655,0.9685533306688651,1.2495531735162877,1.234461878687612,0.5595260284521892,1.2318996129320436,1.0607387700732112,0.9419128512429478,1.0463375779708242,1.0214704002012216,1.3117018285223716,1.2453861824941028,0.9556700799055197,0.8885580312945567,1.0044789054563932,1.1847749949214745,0.7528754946264479,1.103589432181251,0.799176026873375,0.7328642908984058,0.5886483364995225,0.6500072192561677,0.45754874282721936,0.9913539553429053,0.7924111338101268,0.7905217284616917,0.33797183084236704,0.24716107181146807,0.0,1.0918727931485313,1.3281404116296276
1.0848192959188978,1.1911758370708578,1.1759219386671307,1.1548698158479693,1.0629918141047123,1.1623598983692154,0.929991808908585,0.9740620528883724,0.8018097404598381,0.9916958699100631,0.6408241616281942,0.9086728038418793,0.943648663519943,0.8164745686858074,1.2017521215731435,0.583737229140206,0.7434681342064333,0.5941770006670961,0.7467298223899818,0.6786627832130938,0.9695890410784646,0.9665510833661959,0.6309436658231377,0.4882707270751061,1.0852712867703558,0.49901956845236783,0.7471064904023459,0.8869634526617185,1.030160510516722,0.6724375852368734,0.8475221098854178,0.8001225430484478,1.1810977314731064,1.1867832350954555,1.0225374244274463,1.16036473717515,0.9731767527425873,0.7886490952759555,0.9118719382585531,1.083331736468835,0.968216381839351,0.7088517147475194,0.7538578487910739,0.8502756966532612,0.8897943758686426,0.7933040350220334,0.6544967604690928,0.6267614179526614,0.7101390217934744,0.9684255757289617,1.0303016375166867,1.0918727931485313,2.220446049250313e-16,0.43348793833683086
0.8392239343532295,0.95587699759425,1.003919503506436,1.1985125102936993,0.6469373249036441,0.8613578105527894,0.5233305253375686,0.6381230380247178,0.5593630289067458,0.621073685847548,0.997690598480469,0.8609182813811265,1.1225392892899537,0.9741263609930246,1.3462493715136647,0.19665592399989484,0.5799183957562666,0.09621672269796278,0.7190560413769174,0.8267803351535243,0.8350237100947264,0.7203845914417708,1.001175482953915,0.7324402805323644,1.230739096943175,0.7291208324954644,0.8935649579208398,1.1655007174440175,1.0173903244315459,0.8199449618662292,1.0991804951487187,0.9053831513114422,0.9950340901392623,0.9485154828152066,0.9229583190111657,1.0351534214630906,1.1379589559685728,0.9366556357734093,0.8636996790634828,1.076031892041971,1.0653093672030218,0.9719710775820384,1.081696729932123,1.1836470154932617,1.0839542092159666,1.1993023121756743,0.7438187628134738,0.8197178925038461,0.9253823382585837,1.0787836115873242,1.2738282014974942,1.3281404116296276,0.43348793833683086,0.0
