2.220446049250313e-16,0.2877876349443832,0.34948304307946765,0.38950888234204173,1.0234955502274135,1.056362536559165,1.3391287796138647,1.2668067519575077,0.9944434786289995,1.2715842223404952,1.145070610730352,0.9769013317366811,1.219278802641563,0.8982020034642337,1.128060931624795,0.729336003973136,1.0861369468998745,0.9597567655636803,1.2379625616178296,1.1373382753688452,0.5571912670837234,0.7181598855046483,0.8740147069942048,1.290830402558754,1.0402325643168198,1.1438792196566807,1.2357769879394531,1.0986938107606004,1.2370261233780877,1.1277682938087918,1.250910907102024,1.0999398770538065,1.2310149928385647,1.174338290067979,1.3233230610205073,1.1247411565561645,1.13892252248005,1.3450662508743552,1.111693112484602,1.1432566513743398,1.036953449950324,0.907629685379651,1.1781989871429774,1.0205873921588027,1.200952023805895,1.1011518657285668,0.948184669138616,0.9185355136803158,1.0349840302137863,1.1335027149872126,0.9269565112168303,1.2303184949812054,0.9701666137916396,0.9483265818206337
0.2877876349443832,0.0,0.07323295159691068,0.20871074452275362,0.940897358831556,0.9352414596289301,1.3135162541170817,1.2227776180119267,0.9323632709434923,1.2065069516079128,1.1084246543200778,1.051475450534432,1.12115823368784,0.8468578855261715,1.1680989260943895,0.7347487517688787,1.0487383315662149,0.9795323664901139,1.102131422594555,1.0874505859553405,0.6454776604519095,0.8951704458045743,0.946583976245477,1.42294253561443,0.7387651675143336,1.1598182337143808,1.192923301338169,1.2435619989598272,0.9582299984478774,1.089698589220238,0.9834817871323701,1.0648401620787211,1.185835399519331,0.9592577563427984,1.1470848667626876,0.9976950479231526,0.9275067955726137,1.1179302444223898,1.075393281835278,1.1954930780227808,1.0257875923483675,1.073799938532827,1.2386719473700376,1.1057441758103894,1.2872938453885576,1.3671923469638712,1.1263885629658907,1.0898530165687272,1.2336812853776409,1.415182656045007,1.1254289301000464,1.2377390983878422,1.0970017081633932,1.0348860695087618
0.34948304307946765,0.07323295159691068,0.0,0.2625208514013949,0.9167482179780961,0.8848827884802416,1.2347915957189537,1.1731036166706892,0.901104627280673,1.1439377060665687,0.9944948819193338,1.0397843201830854,0.9859655699896701,0.8245343455063395,1.097295615603665,0.7638695019745956,0.9907264664472549,0.9977226999608692,1.0049843549014554,1.026036522048995,0.638566564457764,0.8444952737354675,0.8643968865360815,1.359971975960542,0.6844986917154459,1.0987990360793012,1.116675300222411,1.2908257236642962,0.99735295875772,1.0466931473419085,0.9626495483928764,1.0123975017736144,1.178058013707514,0.9841118336847114,1.1406277537846323,1.0798772009193196,0.9203221840886309,1.1320941694651991,1.1488722490681338,1.2259297829077451,1.0445137303390966,1.1426957202473498,1.2823354310104136,1.1580957180550007,1.359166643789329,1.387656207654189,1.201564975899924,1.1739102930869492,1.1887118997913266,1.4768514482480517,1.1362082840400274,1.1636236734176295,1.1457981443744731,1.048868708648444
0.38950888234204173,0.20871074452275362,0.2625208514013949,1.1102230246251565e-16,1.0330879710427507,0.9429091072857279,1.306627060175438,1.239740040880761,1.0109793525497397,1.2542434604148986,1.0312400310162624,1.0635371796614044,1.0248140922150921,0.796304270246482,1.055418708704667,0.8153431943817074,1.0250349897783382,1.0506406905202548,1.0706626032241067,1.0266071356318112,0.8592369535191094,0.9683371973996708,0.7639519954933508,1.3887335920780395,0.7865764556782766,1.0194308196042379,1.083784670116744,1.3745604404500833,1.0818340471062207,1.0695751001136695,1.1007926611954355,1.0285789149313809,1.2468986989122532,1.1247835314645815,1.2798758924063511,1.15554770630679,0.8240871974353643,1.1721899039521984,1.017188111182213,1.0276046420814153,0.8768982565715588,1.0140506673318297,1.0997502226817992,0.9118300272873802,1.1830847093120627,1.2779248134406915,1.1076041588569188,1.1267404014789923,1.174348363394695,1.3031437288244951,1.0135424794900783,1.0842625009903446,1.133877172626303,1.1062577560189917
1.0234955502274135,0.940897358831556,0.9167482179780961,1.0330879710427507,0.0,0.19340737156140364,0.4755970839958181,0.47796879989417707,0.47024812767214075,0.7002550613575051,0.583116216331155,0.7094608325005667,0.9321370911758274,1.1726725399606381,0.6574470222849298,0.4416230558685643,0.4100025190701788,0.4710287025527127,0.38889671794779057,0.5394763094153867,0.6523901500370082,0.6330923287318797,1.1158319195436328,0.9103141493614134,1.072426191609512,1.2547792100526851,1.13043437241075,0.9487467549595333,0.8962737916929151,0.46699011726092665,0.8156501849512627,0.5321293233077338,0.8471815018737091,0.762767658478553,0.7726639021768916,0.9131054241512725,0.9679953939203564,0.9356709266779049,1.1599371671609084,0.9607978148966686,0.982282464456925,1.3122854717410328,1.2811398961724825,1.182516506389103,1.2676171193944015,1.111637983230714,1.2902604635085422,1.1913404760281732,1.3673340434288308,1.1070408578492827,1.2315642346745448,0.9492988079091799,0.717339043191667,0.6044356175117653
1.056362536559165,0.9352414596289301,0.8848827884802416,0.9429091072857279,0.19340737156140364,1.1102230246251565e-16,0.5754736909139889,0.5252009812476928,0.35865393085866826,0.7699681857317793,0.5086908791436826,0.529217570335899,0.7776047957794598,1.032533900881166,0.47948688917580007,0.4710987735764163,0.19939961460484634,0.5530246587040781,0.2881802061052179,0.3973877171173459,0.7594501722729039,0.5667730235193043,1.010731735383436,0.9956831383744874,1.0062494120972834,1.1718265150837075,1.0405363139280748,1.1188521403153402,1.1569168591669785,0.3563100790989777,0.998055837730943,0.45372929291685904,1.0888806316411865,0.9742706212968586,1.025535224542563,1.141433830465409,1.027516722970258,1.0698525687649967,1.2496971536278458,1.1222968629564403,1.0853845619819877,1.3707185612179245,1.3392623799380863,1.2800160250582626,1.3751359050675267,1.2309796448601387,1.4096871332363576,1.3157230461562663,1.3555978825088435,1.2343891145354406,1.1523839308061625,0.9134638560684593,0.7720333657914984,0.6793098150919931
1.3391287796138647,1.3135162541170817,1.2347915957189537,1.306627060175438,0.4755970839958181,0.5754736909139889,0.0,0.11021357566156675,0.6598832301055106,0.3023283362452086,0.7391955238115584,0.979263758804013,0.7910967472907614,1.2367536858688364,0.7003634478432197,0.7503261737983808,0.7356825966503164,0.7305644756419187,0.7537481164934172,0.85525202216003,1.038209727218791,0.9376762813511941,1.074669487485066,0.6263287415014498,1.1879540643332567,1.117671123549658,1.0052799010921114,0.6938317464888406,0.9379111621694192,0.880569808208427,0.8916671650174237,0.9159139947320591,0.7926956359332891,0.9951879560592723,0.520198223831956,0.9384645015128673,0.9545237798266686,0.6256080580139411,1.0315837316690755,0.7681498452501776,0.9901122595177555,1.2202508312848366,1.0727096907978806,1.0947494111954255,1.0359685127524263,0.8999145129319052,1.0677518845243277,1.0000551816851222,1.0943741154979998,0.7550941999483631,1.2262308596207683,0.8234914975339716,0.8354806818168377,0.7439081935262553
1.2668067519575077,1.2227776180119267,1.1731036166706892,1.239740040880761,0.47796879989417707,0.5252009812476928,0.11021357566156675,2.220446049250313e-16,0.6254725129102674,0.24173181247430442,0.6458881353730173,0.8709353561813993,0.8558393736364589,1.1784833099451348,0.7904789737216003,0.6690717023370804,0.6541687106906768,0.6273273645473791,0.7489668671243037,0.7953630929573765,1.0488519190340986,0.9593291034548309,1.1547955800926295,0.6056132245849304,1.113463645528314,0.9751857635050805,0.9077092072287867,0.706089331749486,0.9054789478494276,0.7969321813971728,0.8767746621770318,0.8271604142126882,0.8341468583945093,0.9669493549309661,0.6100396316564113,0.9362480970356479,0.947124581935348,0.6833179284199713,0.9905744866067043,0.8202674992591845,1.0552520607298157,1.1670537181382925,1.0658905284977542,1.0660948592384794,1.0489142451000633,0.9970317370929017,1.031613646527808,0.9514074919507134,1.08446313182514,0.8896191084984395,1.2194135281084066,0.9879081178769497,0.7175064629829696,0.6264240500791673
0.9944434786289995,0.9323632709434923,0.901104627280673,1.0109793525497397,0.47024812767214075,0.35865393085866826,0.6598832301055106,0.6254725129102674,0.0,0.6652383390061037,0.5256972896398227,0.32592079017794884,0.657241326915275,0.7844194515116227,0.7454487377405121,0.5250202947175224,0.46569936528921363,0.5802938728503204,0.7198888960786081,0.7921273928838662,0.8487514629373805,0.6398757796348952,1.1305828931223172,0.9585067466993814,1.0190021853166547,1.025132163322966,0.808295292899055,0.9854191330823939,1.2824132091194191,0.7117841606986028,1.1939961102221328,0.756314747324041,1.1719097075309686,1.1907807080450126,1.0933076258331702,1.221554215649479,1.2436030726768446,1.1997956506484653,1.257170509982643,1.2154073198415571,1.2655214906231305,1.2602216052814836,1.3114456897932645,1.3074299382155525,1.2841493052375665,1.1474640825960638,1.2203462371249831,1.0565674749517653,1.0401033069237464,1.107385959788992,1.2184781927357389,1.1425366257754836,0.7764498999653586,0.6810609411573116
1.2715842223404952,1.2065069516079128,1.1439377060665687,1.2542434604148986,0.7002550613575051,0.7699681857317793,0.3023283362452086,0.24173181247430442,0.6652383390061037,0.0,0.7316695852879579,0.9471189763330436,0.8692901200306982,1.1608722308898802,0.9757665867574524,0.8982846039000492,0.7150341621720158,0.751777858388958,0.8978165928433564,0.872241856733708,0.9798250930627732,0.9082540610110084,1.1868604969289354,0.5445349505250425,1.0109049484462247,0.8674538824238981,0.8246754988601186,0.7466375511569102,0.8912506234573467,0.8646347269301631,0.883582769005643,0.9545041266986235,0.9520341990817313,0.8894602617221401,0.6166860039607922,0.9998452387076076,1.0232058914982456,0.8196929209036463,1.0784723800037141,1.0432871929538476,1.316469804080582,1.2661088888248921,1.243647554804449,1.243898834297162,1.204208526868891,1.1419859136007096,1.0689905488848632,0.9715049743173192,1.0674057433293154,0.9151396076857764,1.3701064853303522,1.1809415566410717,0.7669617829861222,0.7447274610304042
1.145070610730352,1.1084246543200778,0.9944948819193338,1.0312400310162624,0.583116216331155,0.5086908791436826,0.7391955238115584,0.6458881353730173,0.5256972896398227,0.7316695852879579,0.0,0.4336387183496577,0.489973124270792,0.6465571377413002,0.5482298992538922,0.7618699655321167,0.4883471731622293,0.6668240224798003,0.5201683917404023,0.5417509614464074,1.0917018480071217,0.8403660690457732,1.01431844082811,0.825907946284874,0.7286022541862004,0.6579425904100249,0.47693175390774634,1.1557626178921516,1.206530144943202,0.5031455111373018,1.1149727485292076,0.45381807807253194,1.2172869769321069,1.207599151959744,1.2318795271145846,1.375480498802374,1.0120752975238538,1.1683350411389442,1.1118913651189704,1.1561985311606577,1.0754377651513245,1.170233598337647,1.1922465638304134,1.214054090245339,1.272857913782961,1.119755291868317,1.0922758598617242,1.1177445413764535,1.0646865174920006,1.1213952987982427,0.9842857658316195,0.9422580052242099,0.7633354037253226,0.6826188682713892
0.9769013317366811,1.051475450534432,1.0397843201830854,1.0635371796614044,0.7094608325005667,0.529217570335899,0.979263758804013,0.8709353561813993,0.32592079017794884,0.9471189763330436,0.4336387183496577,1.1102230246251565e-16,0.659078793069741,0.7340965804124431,0.6485525821766882,0.5623548586867526,0.4402168486125475,0.5718282977271176,0.7034896308560565,0.65300808675507,0.7984279374835463,0.6114350614443191,0.9674481618401866,0.9846412476533406,0.9687278330334674,0.8748246682954416,0.6295589200179308,0.9730235156261006,1.425716123831274,0.5701063432789294,1.376123463514191,0.499850348559151,1.1791474304021232,1.3492724420578546,1.3534277838959001,1.2862602439764177,1.323321359268464,1.3084752568525724,1.2757602144388842,1.1424737442439108,1.2090771318028082,1.127371482525904,1.2352120713233354,1.1860771038773048,1.2357422169170729,0.9925968942688013,1.0538959734186306,0.996782681711119,0.8966594498319947,0.9785640900629877,0.8873720030902106,1.0907024713282492,0.6945749440165203,0.6322219302004094
1.219278802641563,1.12115823368784,0.9859655699896701,1.0248140922150921,0.9321370911758274,0.7776047957794598,0.7910967472907614,0.8558393736364589,0.657241326915275,0.8692901200306982,0.489973124270792,0.659078793069741,0.0,0.6494636952570707,0.471581338067219,0.9491415147157246,0.8662106375676752,1.0691965721184593,0.7747878331734177,0.8224037814978051,1.318810674061253,1.0688420983393188,0.5387979270894581,1.0381447206643282,0.6839885837274844,0.7873458024766344,0.5836474700509953,1.0601588121795615,1.3812051583458835,0.8418042833439449,1.2195528570660463,0.8133415330168285,1.0892797299353882,1.4204179568631887,1.0846227625114544,1.3556521212323247,1.055883497915868,1.0223541716974451,1.1550682830704098,0.9811926634005653,0.9485384017650453,1.210767783142791,1.1656819176827329,1.2540899398931937,1.23702933836305,0.8828252009856442,1.144696990669042,1.13231770088988,0.971790497549518,0.8133452534635539,0.7983439252108329,0.5425540228206053,1.1797424434696975,1.1063589862124332
0.8982020034642337,0.8468578855261715,0.8245343455063395,0.796304270246482,1.1726725399606381,1.032533900881166,1.2367536858688364,1.1784833099451348,0.7844194515116227,1.1608722308898802,0.6465571377413002,0.7340965804124431,0.6494636952570707,0.0,0.805265395952818,1.0561480763057818,0.9676208106290285,1.0634140603136788,0.999461355791187,0.9555648331150811,1.197121876555076,1.1174605235491664,0.8231344011496016,1.082207217182114,0.5013043420423475,0.6234954331718555,0.5412984430375353,1.2313500147827852,1.3107976022081853,0.9850506953723905,1.3180588799409005,0.9316077580436675,1.3075262615945817,1.3226958995909084,1.4379304902450314,1.3577743616638833,1.1081145740966614,1.4171145823765323,1.1488865001457818,1.297288831685743,1.0696053110805097,1.0193901938510985,1.1477161444919466,1.1410718014355299,1.2083728880728084,1.0658691389690578,0.9748054840660539,0.9994699922114653,0.9086444005919263,0.9730599669877373,0.857903297654963,0.9475216356539319,1.1203403136712091,1.054928325044418
1.128060931624795,1.1680989260943895,1.097295615603665,1.055418708704667,0.6574470222849298,0.47948688917580007,0.7003634478432197,0.7904789737216003,0.7454487377405121,0.9757665867574524,0.5482298992538922,0.6485525821766882,0.471581338067219,0.805265395952818,1.1102230246251565e-16,0.7471758507706835,0.563427911314951,0.8527289429692658,0.5179468453291487,0.5391074938480909,1.1581678109083304,0.9308316735629959,0.6272231036550644,1.0739588787623604,0.910740139746833,1.0778764214400698,0.9425103853485902,1.1126595853847687,1.3622315064920376,0.5685642424773925,1.2283439253890431,0.5409685003487915,1.0407438182579838,1.3181317547965308,1.124578594000206,1.2087031456777624,1.0305459912644128,1.092998983892779,1.1889320016746037,1.0548475266148836,0.9329160123768817,1.3195786095766604,1.2405643370183221,1.2535463503836235,1.295885492809166,1.0477206555407876,1.2146994613427622,1.2437549955119418,1.1678286897798447,0.8354742143868219,0.8738706004194178,0.5158208217958498,1.045085042101608,0.9535705911514756
0.729336003973136,0.7347487517688787,0.7638695019745956,0.8153431943817074,0.4416230558685643,0.4710987735764163,0.7503261737983808,0.6690717023370804,0.5250202947175224,0.8982846039000492,0.7618699655321167,0.5623548586867526,0.9491415147157246,1.0561480763057818,0.7471758507706835,0.0,0.6867279324398652,0.21781197346319658,0.8176543563010451,0.8885591254838108,0.7471130969043273,0.7626410165026916,0.865995683687505,0.9654810900183999,1.1311059512838684,1.146898048258099,1.0066847153565095,0.9294072120105188,1.1603822420128023,0.8150572789244672,1.143895442846781,0.7389959139824659,1.1190204396876753,1.1349925397346103,1.236747640528853,1.140941236536808,1.1027365605770731,1.143634547330733,1.093408144634586,1.0080108888188737,1.0093392287907241,0.94295840467501,1.0308521185112025,1.000331575228018,1.0410107131761674,0.919209794599883,0.8573942707849269,0.8005846594980311,1.0912889387684266,0.9619997435889612,1.0285613995962315,1.0116332043662013,0.3952842096210166,0.28211453196493896
1.0861369468998745,1.0487383315662149,0.9907264664472549,1.0250349897783382,0.4100025190701788,0.19939961460484634,0.7356825966503164,0.6541687106906768,0.46569936528921363,0.7150341621720158,0.4883471731622293,0.4402168486125475,0.8662106375676752,0.9676208106290285,0.563427911314951,0.6867279324398652,0.0,0.5956158181923279,0.24506355835409988,0.25713977823086465,0.7217094555151049,0.5221781727629722,1.0821028815266778,0.8359172375824643,0.9976827133395758,1.0382628702104528,0.8934751395569119,1.1452806932859627,1.1658965592046457,0.19806448356046358,1.075759364203303,0.34434329647686635,1.1899928804966486,0.9564689845230057,1.098509884313659,1.222838746228148,1.048976639662582,1.1628624308032802,1.257610544228187,1.2949830536774476,1.2294604911369003,1.3506005701683224,1.389426652046244,1.3074036924998629,1.4120021761808075,1.3124045438843308,1.3221109773931403,1.2587345233706342,1.2140019341454966,1.2093482539757214,1.1035145866873945,1.0771456284991392,0.7143930406439374,0.697374737785905
0.9597567655636803,0.9795323664901139,0.9977226999608692,1.0506406905202548,0.4710287025527127,0.5530246587040781,0.7305644756419187,0.6273273645473791,0.5802938728503204,0.751777858388958,0.6668240224798003,0.5718282977271176,1.0691965721184593,1.0634140603136788,0.8527289429692658,0.21781197346319658,0.5956158181923279,0.0,0.7568689664191148,0.7584063759290371,0.7299865459423216,0.8207027104650919,1.1600571965674442,0.6505408392381673,1.125601201247269,1.0060144639009467,0.8581155723919178,0.8814287792919927,0.9821197334824319,0.6773519373345454,0.9958938553455418,0.6224073293513399,1.0809519588653334,0.9477681442471877,1.0956619094255087,1.1187192609233816,1.0813843216424182,1.0997855934158338,1.0538829953569617,1.0928494320003694,1.1380561119900723,0.9834206814300983,1.0518856408375221,1.0241791316351398,1.0629744806081634,1.0524463916465008,0.8487705825323139,0.795541065510123,1.0125475052698127,1.0140282508918856,1.1835581339879155,1.2541945878802436,0.18557373898021456,0.07895620782767776
1.2379625616178296,1.102131422594555,1.0049843549014554,1.0706626032241067,0.38889671794779057,0.2881802061052179,0.7537481164934172,0.7489668671243037,0.7198888960786081,0.8978165928433564,0.5201683917404023,0.7034896308560565,0.7747878331734177,0.999461355791187,0.5179468453291487,0.8176543563010451,0.24506355835409988,0.7568689664191148,2.220446049250313e-16,0.1750968761309224,0.8545946368525377,0.7140469314846665,0.92874888897286,0.8429401538458436,0.9128439147117147,1.023289361760875,0.9786588639260941,1.1410116435627364,0.9827380309056978,0.16945052462719823,0.8565080634686907,0.23493609377302271,1.115116573557927,0.8318833966997655,0.9445000105241561,1.0816834042939927,0.816004628383224,0.9355165614080573,1.1048278148520068,1.0819451753794638,1.0517865889752351,1.3259105620539762,1.268450449006309,1.2509700341477195,1.2807307499256695,1.2766800503274942,1.3820837749053931,1.307421540004273,1.3378923836963041,1.2337566648197598,1.0257482692201292,0.7912338700916586,0.9089630684338799,0.840694118674429
1.1373382753688452,1.0874505859553405,1.026036522048995,1.0266071356318112,0.5394763094153867,0.3973877171173459,0.85525202216003,0.7953630929573765,0.7921273928838662,0.872241856733708,0.5417509614464074,0.65300808675507,0.8224037814978051,0.9555648331150811,0.5391074938480909,0.8885591254838108,0.25713977823086465,0.7584063759290371,0.1750968761309224,2.220446049250313e-16,0.841343726601274,0.7717430283068591,0.970096389745846,0.9052214509134614,0.9049008962252654,0.9347447390548754,0.879921330327808,1.1418652840699757,1.0958684941663432,0.06666790702672043,0.9418578717852388,0.09325060514704098,1.1589088174443825,0.922103494311307,1.031258927574187,1.166735800160835,0.8342286550098958,1.0353612781355273,1.1908715001210863,1.248930147057628,1.1854580483790267,1.402078559602299,1.421593405740449,1.457863778078823,1.4221822421676071,1.3313885411564763,1.346177342100979,1.366033809894078,1.257519078259297,1.2172293742147045,0.9916584280303878,0.8877283226126516,0.9235828764724989,0.8374042905910051
0.5571912670837234,0.6454776604519095,0.638566564457764,0.8592369535191094,0.6523901500370082,0.7594501722729039,1.038209727218791,1.0488519190340986,0.8487514629373805,0.9798250930627732,1.0917018480071217,0.7984279374835463,1.318810674061253,1.197121876555076,1.1581678109083304,0.7471130969043273,0.7217094555151049,0.7299865459423216,0.8545946368525377,0.841343726601274,0.0,0.2856320629670509,1.1428165766940148,0.9584370052834732,1.0982025086119758,1.3361507585543784,1.34596930130713,0.9105796674380657,0.9088008676198062,0.7949084519379692,0.8961180521446348,0.7915579088829883,0.876602959477085,0.678962356277936,0.9437716248919279,0.9051251356291248,1.211838561773684,1.1425391519049464,1.3329998336889481,1.1601299775147569,1.1612598308060904,1.224882406810923,1.3869658671772982,1.1981678552287378,1.3315550934431324,1.1313491173705208,1.1865707725751427,1.10055158374167,1.301915673018567,1.1688206044794376,1.2770959091891365,1.3271670366040138,0.800091490144673,0.702435961150899
0.7181598855046483,0.8951704458045743,0.8444952737354675,0.9683371973996708,0.6330923287318797,0.5667730235193043,0.9376762813511941,0.9593291034548309,0.6398757796348952,0.9082540610110084,0.8403660690457732,0.6114350614443191,1.0688420983393188,1.1174605235491664,0.9308316735629959,0.7626410165026916,0.5221781727629722,0.8207027104650919,0.7140469314846665,0.7717430283068591,0.2856320629670509,0.0,1.070171445083005,0.9697371131691196,1.032255180818655,1.2541647449877864,1.1581977720488683,0.9376661555229494,1.183003002755099,0.740980235729933,1.12905464719835,0.7500395288141058,1.083181085723251,0.9040065351931386,1.072402078213136,1.0503805338293668,1.3479106282220354,1.2448490368626828,1.4252974581748434,1.2307244371984956,1.2808742959070776,1.3087281120284735,1.4416902977995023,1.2906835583121257,1.4090622776253343,1.1615217596697063,1.2756228436091464,1.1970829405945471,1.3228863591360815,1.199580936890085,1.1849249041720349,1.218947338974935,0.8266223612118723,0.7974825744567738
0.8740147069942048,0.946583976245477,0.8643968865360815,0.7639519954933508,1.1158319195436328,1.010731735383436,1.074669487485066,1.1547955800926295,1.1305828931223172,1.1868604969289354,1.01431844082811,0.9674481618401866,0.5387979270894581,0.8231344011496016,0.6272231036550644,0.865995683687505,1.0821028815266778,1.1600571965674442,0.92874888897286,0.970096389745846,1.1428165766940148,1.070171445083005,2.220446049250313e-16,1.2161079034467934,0.9021427887873009,1.0839929738557446,1.0012323080489904,1.1449641591336295,1.3793919388309777,1.0158453636549645,1.28868340282934,0.97444982914622,1.192377129804424,1.4236266791325332,1.3212773759197856,1.2849973115914746,0.8697862884764407,1.1837699881707473,1.0302780660099355,0.8481236271586865,0.6818644505503493,0.9752353689317971,0.9399932378808378,1.0329169066947397,0.9908479818729687,0.605664598535099,0.9566188525826331,0.9491910855860075,0.885848653076272,0.643423414112123,0.47314949892242497,0.31932816231443384,1.1594464998494822,1.1669988791540877
1.290830402558754,1.42294253561443,1.359971975960542,1.3887335920780395,0.9103141493614134,0.9956831383744874,0.6263287415014498,0.6056132245849304,0.9585067466993814,0.5445349505250425,0.825907946284874,0.9846412476533406,1.0381447206643282,1.082207217182114,1.0739588787623604,0.9654810900183999,0.8359172375824643,0.6505408392381673,0.8429401538458436,0.9052214509134614,0.9584370052834732,0.9697371131691196,1.2161079034467934,0.0,1.0902415084981387,0.6070860816033271,0.7005436631180628,0.603783241365297,0.7796604484923714,0.8889510712209379,0.8236857485037399,0.9253055248207489,0.8086174596173168,0.8364892569985274,0.7418984450922332,0.9078223300378447,1.0356150319277002,0.8254902397164614,0.9147628190704612,0.979965815944492,1.1022827760672134,0.9291608787635477,0.9139365889239145,0.9414128003846375,0.896129208316813,0.9803964762275278,0.8401819416100349,0.8072129335878657,0.821625063022773,0.8725299734538219,1.2196641128145358,1.170623279093677,0.5467938467512319,0.5804786068791552
1.0402325643168198,0.7387651675143336,0.6844986917154459,0.7865764556782766,1.072426191609512,1.0062494120972834,1.1879540643332567,1.113463645528314,1.0190021853166547,1.0109049484462247,0.7286022541862004,0.9687278330334674,0.6839885837274844,0.5013043420423475,0.910740139746833,1.1311059512838684,0.9976827133395758,1.125601201247269,0.9128439147117147,0.9049008962252654,1.0982025086119758,1.032255180818655,0.9021427887873009,1.0902415084981387,0.0,0.6210782058057314,0.6479138611426802,1.2140666203713881,1.0125041611094516,0.9461861196323355,1.02379718054747,0.9363224546796423,1.093640411664843,1.063615312212179,1.1971784509782815,1.1133521025013864,0.9585287426277636,1.166389361983836,1.1050480731629835,1.216298256081168,1.131129066114531,1.1675698789852524,1.2137485125405016,1.1667537923800655,1.2622763267370622,1.2809839238025431,1.1344146726520412,1.2302328714314308,1.2626206826627155,1.313697763174027,1.1851837681710407,1.0999573043334996,1.220041558444403,1.114757437837999
1.1438792196566807,1.1598182337143808,1.0987990360793012,1.0194308196042379,1.2547792100526851,1.1718265150837075,1.117671123549658,0.9751857635050805,1.025132163322966,0.8674538824238981,0.6579425904100249,0.8748246682954416,0.7873458024766344,0.6234954331718555,1.0778764214400698,1.146898048258099,1.0382628702104528,1.0060144639009467,1.023289361760875,0.9347447390548754,1.3361507585543784,1.2541647449877864,1.0839929738557446,0.6070860816033271,0.6210782058057314,0.0,0.29545919714811886,0.881873984507319,1.01056700812152,0.9728154182126291,1.0443454453282301,0.9444120177000114,1.0420283923593459,1.2050223315267188,1.1666351781547555,1.1654241345698517,1.0133688919687731,1.0623857017276521,0.9855522060785198,0.9867056248009496,1.068922111136391,0.9470906033926203,0.9763693294891799,0.9466333940271603,1.0773747141520693,1.0805941650027455,0.9075571762197636,1.0012837551404552,0.806144554921773,1.1247766870719955,1.0699406462062107,1.169277162012724,0.9929614665863709,1.0102157068857456
1.2357769879394531,1.192923301338169,1.116675300222411,1.083784670116744,1.13043437241075,1.0405363139280748,1.0052799010921114,0.9077092072287867,0.808295292899055,0.8246754988601186,0.47693175390774634,0.6295589200179308,0.5836474700509953,0.5412984430375353,0.9425103853485902,1.0066847153565095,0.8934751395569119,0.8581155723919178,0.9786588639260941,0.879921330327808,1.34596930130713,1.1581977720488683,1.0012323080489904,0.7005436631180628,0.6479138611426802,0.29545919714811886,0.0,0.9933399046125705,1.1993375982667451,0.9126562483950897,1.2127555692749417,0.845952224601491,1.2070855226077062,1.3397830860969173,1.2675322618654077,1.332465499384154,1.1691661527609352,1.1133904195379056,1.0834723853624773,1.1073014470323264,1.155535583988916,0.9598095869211408,1.023043037304856,1.0493827398499431,1.0876633570697607,0.9960018131631844,0.8289738563570747,0.9108152212731759,0.6358326098777096,1.0253013082637974,0.8812636719202647,1.0264345472870136,0.8235530136756439,0.8591372163260808
1.0986938107606004,1.2435619989598272,1.2908257236642962,1.3745604404500833,0.9487467549595333,1.1188521403153402,0.6938317464888406,0.706089331749486,0.9854191330823939,0.7466375511569102,1.1557626178921516,0.9730235156261006,1.0601588121795615,1.2313500147827852,1.1126595853847687,0.9294072120105188,1.1452806932859627,0.8814287792919927,1.1410116435627364,1.1418652840699757,0.9105796674380657,0.9376661555229494,1.1449641591336295,0.603783241365297,1.2140666203713881,0.881873984507319,0.9933399046125705,0.0,0.9958095481428518,1.0871126138163953,1.0241765390530029,1.0938679806846416,0.5832257888753318,1.0923364596721132,0.522414456780665,0.6284071803039557,1.2086850287577393,0.5652194195033964,0.950011619020059,0.6439199586747679,1.0239182208681272,0.8749247230584916,0.8794236510833398,0.9068451305685226,0.83807110893399,0.6915532451482211,0.8126433200840136,0.7295697095524828,0.8310010507635428,0.5923737210447696,1.0425526078269447,1.0855006176753181,0.8628919168132089,0.8883208079991136
1.2370261233780877,0.9582299984478774,0.99735295875772,1.0818340471062207,0.8962737916929151,1.1569168591669785,0.9379111621694192,0.9054789478494276,1.2824132091194191,0.8912506234573467,1.206530144943202,1.425716123831274,1.3812051583458835,1.3107976022081853,1.3622315064920376,1.1603822420128023,1.1658965592046457,0.9821197334824319,0.9827380309056978,1.0958684941663432,0.9088008676198062,1.183003002755099,1.3793919388309777,0.7796604484923714,1.0125041611094516,1.01056700812152,1.1993375982667451,0.9958095481428518,2.220446049250313e-16,1.1069465042362838,0.13693357310321352,1.0815943315078005,0.5544151295607167,0.15497679476083726,0.4568796552781542,0.3254164115426931,0.482658975461709,0.4877706208222873,0.6144073690500585,0.7361425113821918,0.6863608705130354,0.8921142471873915,0.750444651804306,0.6949677464337891,0.7140917551077606,1.1956484483245629,1.0308750404826974,0.9738498056841082,1.2396243137300678,1.2188405525511001,1.3027125531159744,1.1807440552712154,0.9120390721930035,0.987319669010696
1.1277682938087918,1.089698589220238,1.0466931473419085,1.0695751001136695,0.46699011726092665,0.3563100790989777,0.880569808208427,0.7969321813971728,0.7117841606986028,0.8646347269301631,0.5031455111373018,0.5701063432789294,0.8418042833439449,0.9850506953723905,0.5685642424773925,0.8150572789244672,0.19806448356046358,0.6773519373345454,0.16945052462719823,0.06666790702672043,0.7949084519379692,0.740980235729933,1.0158453636549645,0.8889510712209379,0.9461861196323355,0.9728154182126291,0.9126562483950897,1.0871126138163953,1.1069465042362838,0.0,0.9861196435073367,0.11214075802398016,1.1200397453248923,0.9339274918742873,1.0544026043135988,1.1510826715883158,0.9016063565581334,1.034118988907141,1.1847751222234064,1.2012274183698142,1.1712497543230846,1.3313488286914938,1.3590585998093165,1.3735299559217289,1.3644212515342033,1.297487064508547,1.2797281531396174,1.2803573892367464,1.2440566524334946,1.185532219468351,0.9550325658451125,0.9446863077372085,0.8281301734615857,0.7702359468654842
1.250910907102024,0.9834817871323701,0.9626495483928764,1.1007926611954355,0.8156501849512627,0.998055837730943,0.8916671650174237,0.8767746621770318,1.1939961102221328,0.883582769005643,1.1149727485292076,1.376123463514191,1.2195528570660463,1.3180588799409005,1.2283439253890431,1.143895442846781,1.075759364203303,0.9958938553455418,0.8565080634686907,0.9418578717852388,0.8961180521446348,1.12905464719835,1.28868340282934,0.8236857485037399,1.02379718054747,1.0443454453282301,1.2127555692749417,1.0241765390530029,0.13693357310321352,0.9861196435073367,0.0,0.92993422230093,0.589316615593432,0.2676526764062336,0.4488958991145269,0.42111076416926285,0.4749387108711124,0.4405058011028369,0.7232213138441927,0.7564392201949119,0.7066296418184169,1.0631436283086562,0.8925416791683799,0.8558166725467269,0.8716783107575963,1.2092527271096305,1.224671942372498,1.1460590248663376,1.3579872224397926,1.2802970832921343,1.3308899542734134,1.0732195179636481,1.0236070331436167,1.0279989805636545
1.0999398770538065,1.0648401620787211,1.0123975017736144,1.0285789149313809,0.5321293233077338,0.45372929291685904,0.9159139947320591,0.8271604142126882,0.756314747324041,0.9545041266986235,0.45381807807253194,0.499850348559151,0.8133415330168285,0.9316077580436675,0.5409685003487915,0.7389959139824659,0.34434329647686635,0.6224073293513399,0.23493609377302271,0.09325060514704098,0.7915579088829883,0.7500395288141058,0.97444982914622,0.9253055248207489,0.9363224546796423,0.9444120177000114,0.845952224601491,1.0938679806846416,1.0815943315078005,0.11214075802398016,0.92993422230093,1.1102230246251565e-16,1.1403427544451599,0.9606912476373127,1.0999490015317006,1.1553920199118597,0.8265784398296652,1.0060601075219329,1.1474442006921532,1.1796264833317216,1.1284669454663205,1.3406469899243059,1.349554665058228,1.3865838160832609,1.338672450209602,1.2590326451862028,1.2268890495041078,1.2507698241861933,1.259629393934857,1.1431540061546603,0.9408655100534061,0.8965546693278179,0.7848643057631385,0.6811291217656028
1.2310149928385647,1.185835399519331,1.178058013707514,1.2468986989122532,0.8471815018737091,1.0888806316411865,0.7926956359332891,0.8341468583945093,1.1719097075309686,0.9520341990817313,1.2172869769321069,1.1791474304021232,1.0892797299353882,1.3075262615945817,1.0407438182579838,1.1190204396876753,1.1899928804966486,1.0809519588653334,1.115116573557927,1.1589088174443825,0.876602959477085,1.083181085723251,1.192377129804424,0.8086174596173168,1.093640411664843,1.0420283923593459,1.2070855226077062,0.5832257888753318,0.5544151295607167,1.1200397453248923,0.589316615593432,1.1403427544451599,0.0,0.6160816923717178,0.34518058636963556,0.39204338951080264,0.945137740571905,0.524896389747974,0.9450452062174027,0.5158925747071679,0.7074457232823761,1.060356315745277,0.9312980814154049,0.766665747111794,0.8951619186317759,0.8152156856378517,1.1400711170946467,1.16891917785798,1.121841702541864,0.8473313362704847,1.2258006932027303,1.0098758313955742,1.1360181385237418,1.0996610218134444
1.174338290067979,0.9592577563427984,0.9841118336847114,1.1247835314645815,0.762767658478553,0.9742706212968586,0.9951879560592723,0.9669493549309661,1.1907807080450126,0.8894602617221401,1.207599151959744,1.3492724420578546,1.4204179568631887,1.3226958995909084,1.3181317547965308,1.1349925397346103,0.9564689845230057,0.9477681442471877,0.8318833966997655,0.922103494311307,0.678962356277936,0.9040065351931386,1.4236266791325332,0.8364892569985274,1.063615312212179,1.2050223315267188,1.3397830860969173,1.0923364596721132,0.15497679476083726,0.9339274918742873,0.2676526764062336,0.9606912476373127,0.6160816923717178,0.0,0.5418079025472006,0.45743751402733235,0.6693902247271133,0.7681966835070417,0.8874816123639652,0.989706175665698,0.88821266812022,1.0798162141812342,1.016078766409505,0.9065314434583013,0.9530618510082753,1.3033943407578388,1.1843956558641697,1.1383586760249775,1.3791226543802355,1.3091203133156526,1.3712799907093438,1.268414649062696,0.8908654103831314,0.9202751075123576
1.3233230610205073,1.1470848667626876,1.1406277537846323,1.2798758924063511,0.7726639021768916,1.025535224542563,0.520198223831956,0.6100396316564113,1.0933076258331702,0.6166860039607922,1.2318795271145846,1.3534277838959001,1.0846227625114544,1.4379304902450314,1.124578594000206,1.236747640528853,1.098509884313659,1.0956619094255087,0.9445000105241561,1.031258927574187,0.9437716248919279,1.072402078213136,1.3212773759197856,0.7418984450922332,1.1971784509782815,1.1666351781547555,1.2675322618654077,0.522414456780665,0.4568796552781542,1.0544026043135988,0.4488958991145269,1.0999490015317006,0.34518058636963556,0.5418079025472006,1.1102230246251565e-16,0.37033580137927247,0.836129279282291,0.26284460649585206,0.855903282668318,0.5989111817290591,0.8967150111675734,1.114237509436662,0.9809703052222565,0.9678580463015274,0.934413122032996,1.012757781800264,1.19375807817501,1.0776940643269532,1.1657701200138135,0.9012355839673736,1.3375290491079785,1.0432840384892368,1.1095511150983655,1.1413974259232011
1.1247411565561645,0.9976950479231526,1.0798772009193196,1.15554770630679,0.9131054241512725,1.141433830465409,0.9384645015128673,0.9362480970356479,1.221554215649479,0.9998452387076076,1.375480498802374,1.2862602439764177,1.3556521212323247,1.3577743616638833,1.2087031456777624,1.140941236536808,1.222838746228148,1.1187192609233816,1.0816834042939927,1.166735800160835,0.9051251356291248,1.0503805338293668,1.2849973115914746,0.9078223300378447,1.1133521025013864,1.1654241345698517,1.332465499384154,0.6284071803039557,0.3254164115426931,1.1510826715883158,0.42111076416926285,1.1553920199118597,0.39204338951080264,0.45743751402733235,0.37033580137927247,1.1102230246251565e-16,0.7403194025370187,0.4250374272341245,0.6387765600960713,0.6467779542812095,0.7841683640473446,0.9012121332673197,0.7721322370923565,0.7071395550887538,0.7183380785126916,1.0672037479374659,1.0893184194929408,0.9487162705868747,1.1873882057872611,1.0491402747699123,1.204265080640309,1.1183937722471098,1.1077070223661754,1.1339001777404998
1.13892252248005,0.9275067955726137,0.9203221840886309,0.8240871974353643,0.9679953939203564,1.027516722970258,0.9545237798266686,0.947124581935348,1.2436030726768446,1.0232058914982456,1.0120752975238538,1.323321359268464,1.055883497915868,1.1081145740966614,1.0305459912644128,1.1027365605770731,1.048976639662582,1.0813843216424182,0.816004628383224,0.8342286550098958,1.211838561773684,1.3479106282220354,0.8697862884764407,1.0356150319277002,0.9585287426277636,1.0133688919687731,1.1691661527609352,1.2086850287577393,0.482658975461709,0.9016063565581334,0.4749387108711124,0.8265784398296652,0.945137740571905,0.6693902247271133,0.836129279282291,0.7403194025370187,0.0,0.6109147794243974,0.36616813157774597,0.7817416266977266,0.5394021528718409,0.8273373628959135,0.6867667832692803,0.7657357021268429,0.702450055213824,1.1119112981074388,0.9694764662166612,0.9687522477243972,1.168250558820553,1.1144617033941686,0.8982774320157341,0.774911129888293,1.0824857697609713,1.1107307695667181
1.3450662508743552,1.1179302444223898,1.1320941694651991,1.1721899039521984,0.9356709266779049,1.0698525687649967,0.6256080580139411,0.6833179284199713,1.1997956506484653,0.8196929209036463,1.1683350411389442,1.3084752568525724,1.0223541716974451,1.4171145823765323,1.092998983892779,1.143634547330733,1.1628624308032802,1.0997855934158338,0.9355165614080573,1.0353612781355273,1.1425391519049464,1.2448490368626828,1.1837699881707473,0.8254902397164614,1.166389361983836,1.0623857017276521,1.1133904195379056,0.5652194195033964,0.4877706208222873,1.034118988907141,0.4405058011028369,1.0060601075219329,0.524896389747974,0.7681966835070417,0.26284460649585206,0.4250374272341245,0.6109147794243974,2.220446049250313e-16,0.5602296163887952,0.4665691908256542,0.7390184587591295,0.8940359536435551,0.6918188202225222,0.764527319701689,0.67163692879855,0.9432045492019571,1.060829871566273,0.9406013779810208,1.1085123569653963,0.8774207088986242,1.083132739435647,0.8791450945626631,1.0958335951581484,1.1376519321741336
1.111693112484602,1.075393281835278,1.1488722490681338,1.017188111182213,1.1599371671609084,1.2496971536278458,1.0315837316690755,0.9905744866067043,1.257170509982643,1.0784723800037141,1.1118913651189704,1.2757602144388842,1.1550682830704098,1.1488865001457818,1.1889320016746037,1.093408144634586,1.257610544228187,1.0538829953569617,1.1048278148520068,1.1908715001210863,1.3329998336889481,1.4252974581748434,1.0302780660099355,0.9147628190704612,1.1050480731629835,0.9855522060785198,1.0834723853624773,0.950011619020059,0.6144073690500585,1.1847751222234064,0.7232213138441927,1.1474442006921532,0.9450452062174027,0.8874816123639652,0.855903282668318,0.6387765600960713,0.36616813157774597,0.5602296163887952,2.220446049250313e-16,0.6791030158139533,0.6603249677406291,0.3552339145943978,0.24612090328609093,0.43396243744223895,0.25548108642344336,0.7888525748456705,0.5988391807813089,0.445325608140941,0.8098626822578175,0.8459608745436227,0.7932753438446469,0.8798132090497259,0.8576283458549987,0.9842691464915914
1.1432566513743398,1.1954930780227808,1.2259297829077451,1.0276046420814153,0.9607978148966686,1.1222968629564403,0.7681498452501776,0.8202674992591845,1.2154073198415571,1.0432871929538476,1.1561985311606577,1.1424737442439108,0.9811926634005653,1.297288831685743,1.0548475266148836,1.0080108888188737,1.2949830536774476,1.0928494320003694,1.0819451753794638,1.248930147057628,1.1601299775147569,1.2307244371984956,0.8481236271586865,0.979965815944492,1.216298256081168,0.9867056248009496,1.1073014470323264,0.6439199586747679,0.7361425113821918,1.2012274183698142,0.7564392201949119,1.1796264833317216,0.5158925747071679,0.989706175665698,0.5989111817290591,0.6467779542812095,0.7817416266977266,0.4665691908256542,0.6791030158139533,2.220446049250313e-16,0.3351234318403594,0.734622516596475,0.4831975134773756,0.36026483944147336,0.4862754503109551,0.4606936112799692,0.9535368595658901,0.8556198682521632,0.951315860248269,0.6454352948540609,0.7233029718669355,0.6436390939848095,1.0799373044138787,1.1395943040392567
1.036953449950324,1.0257875923483675,1.0445137303390966,0.8768982565715588,0.982282464456925,1.0853845619819877,0.9901122595177555,1.0552520607298157,1.2655214906231305,1.316469804080582,1.0754377651513245,1.2090771318028082,0.9485384017650453,1.0696053110805097,0.9329160123768817,1.0093392287907241,1.2294604911369003,1.1380561119900723,1.0517865889752351,1.1854580483790267,1.1612598308060904,1.2808742959070776,0.6818644505503493,1.1022827760672134,1.131129066114531,1.068922111136391,1.155535583988916,1.0239182208681272,0.6863608705130354,1.1712497543230846,0.7066296418184169,1.1284669454663205,0.7074457232823761,0.88821266812022,0.8967150111675734,0.7841683640473446,0.5394021528718409,0.7390184587591295,0.6603249677406291,0.3351234318403594,0.0,0.6993790031058226,0.4590881672330248,0.4246718628655025,0.5123842586297115,0.577848513218892,0.9098369804104589,0.9102016878856412,0.9266645136611532,0.8163502825285252,0.5049690011541191,0.4626264554780064,1.113250066021388,1.2077584553700969
0.907629685379651,1.073799938532827,1.1426957202473498,1.0140506673318297,1.3122854717410328,1.3707185612179245,1.2202508312848366,1.1670537181382925,1.2602216052814836,1.2661088888248921,1.170233598337647,1.127371482525904,1.210767783142791,1.0193901938510985,1.3195786095766604,0.94295840467501,1.3506005701683224,0.9834206814300983,1.3259105620539762,1.402078559602299,1.224882406810923,1.3087281120284735,0.9752353689317971,0.9291608787635477,1.1675698789852524,0.9470906033926203,0.9598095869211408,0.8749247230584916,0.8921142471873915,1.3313488286914938,1.0631436283086562,1.3406469899243059,1.060356315745277,1.0798162141812342,1.114237509436662,0.9012121332673197,0.8273373628959135,0.8940359536435551,0.3552339145943978,0.734622516596475,0.6993790031058226,0.0,0.1497743703577773,0.30061821151435486,0.2076775642613199,0.5490405350874755,0.2301956679676711,0.21132369843772902,0.4978289318559789,0.767945494403185,0.5585003476114341,0.9720006417787161,0.667738971534475,0.9038551819195679
1.1781989871429774,1.2386719473700376,1.2823354310104136,1.0997502226817992,1.2811398961724825,1.3392623799380863,1.0727096907978806,1.0658905284977542,1.3114456897932645,1.243647554804449,1.1922465638304134,1.2352120713233354,1.1656819176827329,1.1477161444919466,1.2405643370183221,1.0308521185112025,1.389426652046244,1.0518856408375221,1.268450449006309,1.421593405740449,1.3869658671772982,1.4416902977995023,0.9399932378808378,0.9139365889239145,1.2137485125405016,0.9763693294891799,1.023043037304856,0.8794236510833398,0.750444651804306,1.3590585998093165,0.8925416791683799,1.349554665058228,0.9312980814154049,1.016078766409505,0.9809703052222565,0.7721322370923565,0.6867667832692803,0.6918188202225222,0.24612090328609093,0.4831975134773756,0.4590881672330248,0.1497743703577773,0.0,0.1625267904509844,0.060964038921047625,0.4661269370075204,0.4262439579934356,0.3532132210498419,0.5951079339567149,0.7348202402081417,0.5641080377428127,0.7760099135221759,0.7967271841472732,0.9824754167606778
1.0205873921588027,1.1057441758103894,1.1580957180550007,0.9118300272873802,1.182516506389103,1.2800160250582626,1.0947494111954255,1.0660948592384794,1.3074299382155525,1.243898834297162,1.214054090245339,1.1860771038773048,1.2540899398931937,1.1410718014355299,1.2535463503836235,1.000331575228018,1.3074036924998629,1.0241791316351398,1.2509700341477195,1.457863778078823,1.1981678552287378,1.2906835583121257,1.0329169066947397,0.9414128003846375,1.1667537923800655,0.9466333940271603,1.0493827398499431,0.9068451305685226,0.6949677464337891,1.3735299559217289,0.8558166725467269,1.3865838160832609,0.766665747111794,0.9065314434583013,0.9678580463015274,0.7071395550887538,0.7657357021268429,0.764527319701689,0.43396243744223895,0.36026483944147336,0.4246718628655025,0.30061821151435486,0.1625267904509844,0.0,0.24070283916414337,0.6143597544228959,0.5872090614092276,0.5305205871654193,0.743135959011331,0.8857440335698927,0.7087809042137159,0.9525989902017535,0.853786629068462,0.997902367342188
1.200952023805895,1.2872938453885576,1.359166643789329,1.1830847093120627,1.2676171193944015,1.3751359050675267,1.0359685127524263,1.0489142451000633,1.2841493052375665,1.204208526868891,1.272857913782961,1.2357422169170729,1.23702933836305,1.2083728880728084,1.295885492809166,1.0410107131761674,1.4120021761808075,1.0629744806081634,1.2807307499256695,1.4221822421676071,1.3315550934431324,1.4090622776253343,0.9908479818729687,0.896129208316813,1.2622763267370622,1.0773747141520693,1.0876633570697607,0.83807110893399,0.7140917551077606,1.3644212515342033,0.8716783107575963,1.338672450209602,0.8951619186317759,0.9530618510082753,0.934413122032996,0.7183380785126916,0.702450055213824,0.67163692879855,0.25548108642344336,0.4862754503109551,0.5123842586297115,0.2076775642613199,0.060964038921047625,0.24070283916414337,0.0,0.4460124455056562,0.42302761982889625,0.3410244659311562,0.5921194702833921,0.6532222037105202,0.6347842195921666,0.8197930494573519,0.7851274315724163,0.9554436615910153
1.1011518657285668,1.3671923469638712,1.387656207654189,1.2779248134406915,1.111637983230714,1.2309796448601387,0.8999145129319052,0.9970317370929017,1.1474640825960638,1.1419859136007096,1.119755291868317,0.9925968942688013,0.8828252009856442,1.0658691389690578,1.0477206555407876,0.919209794599883,1.3124045438843308,1.0524463916465008,1.2766800503274942,1.3313885411564763,1.1313491173705208,1.1615217596697063,0.605664598535099,0.9803964762275278,1.2809839238025431,1.0805941650027455,0.9960018131631844,0.6915532451482211,1.1956484483245629,1.297487064508547,1.2092527271096305,1.2590326451862028,0.8152156856378517,1.3033943407578388,1.012757781800264,1.0672037479374659,1.1119112981074388,0.9432045492019571,0.7888525748456705,0.4606936112799692,0.577848513218892,0.5490405350874755,0.4661269370075204,0.6143597544228959,0.4460124455056562,0.0,0.609253957986774,0.561438110071346,0.6258021352896357,0.25862319199745676,0.5034644221437712,0.5110258695143071,0.8673973460411918,0.9673606503524539
0.948184669138616,1.1263885629658907,1.201564975899924,1.1076041588569188,1.2902604635085422,1.4096871332363576,1.0677518845243277,1.031613646527808,1.2203462371249831,1.0689905488848632,1.0922758598617242,1.0538959734186306,1.144696990669042,0.9748054840660539,1.2146994613427622,0.8573942707849269,1.3221109773931403,0.8487705825323139,1.3820837749053931,1.346177342100979,1.1865707725751427,1.2756228436091464,0.9566188525826331,0.8401819416100349,1.1344146726520412,0.9075571762197636,0.8289738563570747,0.8126433200840136,1.0308750404826974,1.2797281531396174,1.224671942372498,1.2268890495041078,1.1400711170946467,1.1843956558641697,1.19375807817501,1.0893184194929408,0.9694764662166612,1.060829871566273,0.5988391807813089,0.9535368595658901,0.9098369804104589,0.2301956679676711,0.4262439579934356,0.5872090614092276,0.42302761982889625,0.609253957986774,1.1102230246251565e-16,0.13510367759663944,0.4300540838461676,0.6231441941828731,0.6500606986914523,1.0121138296930006,0.5025658548879759,0.7186167994482422
0.9185355136803158,1.0898530165687272,1.1739102930869492,1.1267404014789923,1.1913404760281732,1.3157230461562663,1.0000551816851222,0.9514074919507134,1.0565674749517653,0.9715049743173192,1.1177445413764535,0.996782681711119,1.13231770088988,0.9994699922114653,1.2437549955119418,0.8005846594980311,1.2587345233706342,0.795541065510123,1.307421540004273,1.366033809894078,1.10055158374167,1.1970829405945471,0.9491910855860075,0.8072129335878657,1.2302328714314308,1.0012837551404552,0.9108152212731759,0.7295697095524828,0.9738498056841082,1.2803573892367464,1.1460590248663376,1.2507698241861933,1.16891917785798,1.1383586760249775,1.0776940643269532,0.9487162705868747,0.9687522477243972,0.9406013779810208,0.445325608140941,0.8556198682521632,0.9102016878856412,0.21132369843772902,0.3532132210498419,0.5305205871654193,0.3410244659311562,0.561438110071346,0.13510367759663944,1.1102230246251565e-16,0.4862421360695396,0.5737602380695728,0.6813896203034968,1.0129738730220266,0.4607320600520346,0.6829967902451104
1.0349840302137863,1.2336812853776409,1.1887118997913266,1.174348363394695,1.3673340434288308,1.3555978825088435,1.0943741154979998,1.08446313182514,1.0401033069237464,1.0674057433293154,1.0646865174920006,0.8966594498319947,0.971790497549518,0.9086444005919263,1.1678286897798447,1.0912889387684266,1.2140019341454966,1.0125475052698127,1.3378923836963041,1.257519078259297,1.301915673018567,1.3228863591360815,0.885848653076272,0.821625063022773,1.2626206826627155,0.806144554921773,0.6358326098777096,0.8310010507635428,1.2396243137300678,1.2440566524334946,1.3579872224397926,1.259629393934857,1.121841702541864,1.3791226543802355,1.1657701200138135,1.1873882057872611,1.168250558820553,1.1085123569653963,0.8098626822578175,0.951315860248269,0.9266645136611532,0.4978289318559789,0.5951079339567149,0.743135959011331,0.5921194702833921,0.6258021352896357,0.4300540838461676,0.4862421360695396,0.0,0.7082092411892613,0.558444387172824,0.9055833101933173,0.8029026178883033,0.9945797370470627
1.1335027149872126,1.415182656045007,1.4768514482480517,1.3031437288244951,1.1070408578492827,1.2343891145354406,0.7550941999483631,0.8896191084984395,1.107385959788992,0.9151396076857764,1.1213952987982427,0.9785640900629877,0.8133452534635539,0.9730599669877373,0.8354742143868219,0.9619997435889612,1.2093482539757214,1.0140282508918856,1.2337566648197598,1.2172293742147045,1.1688206044794376,1.199580936890085,0.643423414112123,0.8725299734538219,1.313697763174027,1.1247766870719955,1.0253013082637974,0.5923737210447696,1.2188405525511001,1.185532219468351,1.2802970832921343,1.1431540061546603,0.8473313362704847,1.3091203133156526,0.9012355839673736,1.0491402747699123,1.1144617033941686,0.8774207088986242,0.8459608745436227,0.6454352948540609,0.8163502825285252,0.767945494403185,0.7348202402081417,0.8857440335698927,0.6532222037105202,0.25862319199745676,0.6231441941828731,0.5737602380695728,0.7082092411892613,0.0,0.6772636684719625,0.6105793252537675,0.8235930291373827,0.9532069883305977
0.9269565112168303,1.1254289301000464,1.1362082840400274,1.0135424794900783,1.2315642346745448,1.1523839308061625,1.2262308596207683,1.2194135281084066,1.2184781927357389,1.3701064853303522,0.9842857658316195,0.8873720030902106,0.7983439252108329,0.857903297654963,0.8738706004194178,1.0285613995962315,1.1035145866873945,1.1835581339879155,1.0257482692201292,0.9916584280303878,1.2770959091891365,1.1849249041720349,0.47314949892242497,1.2196641128145358,1.1851837681710407,1.0699406462062107,0.8812636719202647,1.0425526078269447,1.3027125531159744,0.9550325658451125,1.3308899542734134,0.9408655100534061,1.2258006932027303,1.3712799907093438,1.3375290491079785,1.204265080640309,0.8982774320157341,1.083132739435647,0.7932753438446469,0.7233029718669355,0.5049690011541191,0.5585003476114341,0.5641080377428127,0.7087809042137159,0.6347842195921666,0.5034644221437712,0.6500606986914523,0.6813896203034968,0.558444387172824,0.6772636684719625,1.1102230246251565e-16,0.39455777779524104,1.024263912738319,1.1862128822821223
1.2303184949812054,1.2377390983878422,1.1636236734176295,1.0842625009903446,0.9492988079091799,0.9134638560684593,0.8234914975339716,0.9879081178769497,1.1425366257754836,1.1809415566410717,0.9422580052242099,1.0907024713282492,0.5425540228206053,0.9475216356539319,0.5158208217958498,1.0116332043662013,1.0771456284991392,1.2541945878802436,0.7912338700916586,0.8877283226126516,1.3271670366040138,1.218947338974935,0.31932816231443384,1.170623279093677,1.0999573043334996,1.169277162012724,1.0264345472870136,1.0855006176753181,1.1807440552712154,0.9446863077372085,1.0732195179636481,0.8965546693278179,1.0098758313955742,1.268414649062696,1.0432840384892368,1.1183937722471098,0.774911129888293,0.8791450945626631,0.8798132090497259,0.6436390939848095,0.4626264554780064,0.9720006417787161,0.7760099135221759,0.9525989902017535,0.8197930494573519,0.5110258695143071,1.0121138296930006,1.0129738730220266,0.9055833101933173,0.6105793252537675,0.39455777779524104,0.0,1.2707016693773594,1.2912065967519255
0.9701666137916396,1.0970017081633932,1.1457981443744731,1.133877172626303,0.717339043191667,0.7720333657914984,0.8354806818168377,0.7175064629829696,0.7764498999653586,0.7669617829861222,0.7633354037253226,0.6945749440165203,1.1797424434696975,1.1203403136712091,1.045085042101608,0.3952842096210166,0.7143930406439374,0.18557373898021456,0.9089630684338799,0.9235828764724989,0.800091490144673,0.8266223612118723,1.1594464998494822,0.5467938467512319,1.220041558444403,0.9929614665863709,0.8235530136756439,0.8628919168132089,0.9120390721930035,0.8281301734615857,1.0236070331436167,0.7848643057631385,1.1360181385237418,0.8908654103831314,1.1095511150983655,1.1077070223661754,1.0824857697609713,1.0958335951581484,0.8576283458549987,1.0799373044138787,1.113250066021388,0.667738971534475,0.7967271841472732,0.853786629068462,0.7851274315724163,0.8673973460411918,0.5025658548879759,0.4607320600520346,0.8029026178883033,0.8235930291373827,1.024263912738319,1.2707016693773594,0.0,0.13843700470094789
0.9483265818206337,1.0348860695087618,1.048868708648444,1.1062577560189917,0.6044356175117653,0.6793098150919931,0.7439081935262553,0.6264240500791673,0.6810609411573116,0.7447274610304042,0.6826188682713892,0.6322219302004094,1.1063589862124332,1.054928325044418,0.9535705911514756,0.28211453196493896,0.697374737785905,0.07895620782767776,0.840694118674429,0.8374042905910051,0.702435961150899,0.7974825744567738,1.1669988791540877,0.5804786068791552,1.114757437837999,1.0102157068857456,0.8591372163260808,0.8883208079991136,0.987319669010696,0.7702359468654842,1.0279989805636545,0.6811291217656028,1.0996610218134444,0.9202751075123576,1.1413974259232011,1.1339001777404998,1.1107307695667181,1.1376519321741336,0.9842691464915914,1.1395943040392567,1.2077584553700969,0.9038551819195679,0.9824754167606778,0.997902367342188,0.9554436615910153,0.9673606503524539,0.7186167994482422,0.6829967902451104,0.9945797370470627,0.9532069883305977,1.1862128822821223,1.2912065967519255,0.13843700470094789,2.220446049250313e-16
